,index,word,_score,_pvalue
0,221,an_toàn,341.15794169398237,1.2251224198158447e-73
1,299,camera,90.60000000000001,1.62809864880559e-19
2,1354,tính_năng,68.07861296247292,1.1005424238819693e-14
3,1359,túi,58.113355469470626,1.486662817607588e-12
4,1369,tương_đồng,55.0664268585132,6.645737552470901e-12
5,1286,trang_bị,51.93111868035382,3.0980504269607435e-11
6,729,khí,51.425919404336724,3.969593631260513e-11
7,429,công_nghệ,48.080082507420705,2.0475374001990825e-10
8,436,cơ_bản,45.52864375166536,7.143415067024845e-10
9,1541,đèo,45.30000000000001,7.989272309028158e-10
10,499,dây,45.30000000000001,7.989272309028158e-10
11,751,khởi_hành,45.30000000000001,7.989272309028158e-10
12,417,cân_bằng,45.30000000000001,7.989272309028158e-10
13,1572,đầy_đủ,45.30000000000001,7.989272309028158e-10
14,1608,đổ,45.30000000000001,7.989272309028158e-10
15,1472,xpander_cross,45.30000000000001,7.989272309028158e-10
16,1387,tổng_kết,45.300000000000004,7.989272309028194e-10
17,374,chức_năng,45.300000000000004,7.989272309028194e-10
18,695,hỗ_trợ_lực,45.300000000000004,7.989272309028194e-10
19,1312,trước_tiên,45.300000000000004,7.989272309028194e-10
20,1489,yếu_kém,45.300000000000004,7.989272309028194e-10
21,1077,radio,45.300000000000004,7.989272309028194e-10
22,743,khẩn_cấp,45.300000000000004,7.989272309028194e-10
23,1075,ra_lệnh,45.300000000000004,7.989272309028194e-10
24,1040,phím,45.300000000000004,7.989272309028194e-10
25,775,kênh,45.300000000000004,7.989272309028194e-10
26,102,360,45.300000000000004,7.989272309028194e-10
27,1498,âm_lượng,45.300000000000004,7.989272309028194e-10
28,1136,suzuki_ciaz,45.300000000000004,7.989272309028194e-10
29,527,eba,45.300000000000004,7.989272309028194e-10
30,991,nâng,45.300000000000004,7.989272309028194e-10
31,1455,x3,45.300000000000004,7.989272309028194e-10
32,580,giọng,45.300000000000004,7.989272309028194e-10
33,1173,thiếu,45.300000000000004,7.989272309028194e-10
34,261,bó,44.30000000000001,1.3031979437871297e-09
35,694,hỗ_trợ,36.535908503966084,5.7684818325259995e-08
36,528,ebd,33.802564102564126,2.180732346686776e-07
37,210,abs,33.802564102564126,2.180732346686776e-07
38,226,asean,33.615384615384635,2.3884049739395104e-07
39,1113,sao,33.615384615384635,2.3884049739395104e-07
40,375,chứng_nhận,33.615384615384635,2.3884049739395104e-07
41,917,ncap,33.615384615384635,2.3884049739395104e-07
42,1187,thuận_tiện,33.615384615384635,2.3884049739395104e-07
43,1326,trộm,30.053846153846166,1.3445291836980738e-06
44,232,ba,30.053846153846166,1.3445291836980738e-06
45,470,cứng,28.236770583533193,3.239266441833186e-06
46,1501,ít,27.827498001598737,3.947787383659773e-06
47,366,chống,23.87950101457298,2.6469553419589676e-05
48,1028,phanh,23.87950101457298,2.6469553419589676e-05
49,926,ngoài_ra,23.42254196642687,3.2968170622854936e-05
50,522,dốc,21.705155875299766,7.512538103702716e-05
51,126,4wd,21.705155875299766,7.512538103702716e-05
52,333,chuyển,21.705155875299766,7.512538103702716e-05
53,231,aveo,21.705155875299766,7.512538103702716e-05
54,557,gdi,21.705155875299766,7.512538103702716e-05
55,1629,ứng_dụng,21.705155875299766,7.512538103702716e-05
56,821,lùi,21.705155875299766,7.512538103702716e-05
57,1222,thế,21.705155875299766,7.512538103702716e-05
58,1129,sportage,21.705155875299766,7.512538103702716e-05
59,1123,solati,21.705155875299766,7.512538103702716e-05
60,639,honda_jazz,21.705155875299766,7.512538103702716e-05
61,848,lực,21.705155875299766,7.512538103702716e-05
62,906,một_số,21.11369366045627,9.970484281668147e-05
63,381,ckd,21.11369366045627,9.970484281668147e-05
64,1525,điện_tử,18.739334686097294,0.0003095110199620221
65,476,danh_sách,18.739334686097294,0.0003095110199620221
66,1438,vượt_trội,16.953805225050772,0.0007223721797460502
67,574,giải,16.807692307692317,0.0007741056137012325
68,269,bảo_hiểm,16.807692307692317,0.0007741056137012325
69,1013,nội,16.807692307692317,0.0007741056137012325
70,270,bảo_vệ,16.807692307692317,0.0007741056137012325
71,1025,pas,16.807692307692317,0.0007741056137012325
72,307,captiva_revv,16.807692307692317,0.0007741056137012325
73,1017,nữa,16.807692307692317,0.0007741056137012325
74,1044,phương_tiện,16.807692307692317,0.0007741056137012325
75,1459,xa_lộ,16.807692307692317,0.0007741056137012325
76,1460,xc60,16.807692307692317,0.0007741056137012325
77,1043,phương_diện,16.807692307692317,0.0007741056137012325
78,1164,tcs,16.807692307692317,0.0007741056137012325
79,1054,pick,16.807692307692317,0.0007741056137012325
80,1058,ql,16.807692307692317,0.0007741056137012325
81,1073,quốc_gia,16.807692307692317,0.0007741056137012325
82,1141,săn_đón,16.807692307692317,0.0007741056137012325
83,1108,safety,16.807692307692317,0.0007741056137012325
84,1522,điểm_mù,16.807692307692317,0.0007741056137012325
85,1533,đánh_bại,16.807692307692317,0.0007741056137012325
86,949,nhtsa,16.807692307692317,0.0007741056137012325
87,1411,viện,16.807692307692317,0.0007741056137012325
88,1417,vsm,16.807692307692317,0.0007741056137012325
89,577,giảm_thiểu,16.807692307692317,0.0007741056137012325
90,543,eyesight,16.807692307692317,0.0007741056137012325
91,540,esc,16.807692307692317,0.0007741056137012325
92,1340,tuy_rằng,16.807692307692317,0.0007741056137012325
93,1357,tùy,16.807692307692317,0.0007741056137012325
94,1328,trở_thành,16.807692307692317,0.0007741056137012325
95,615,hac,16.807692307692317,0.0007741056137012325
96,656,hàn_quốc_thể_hiện,16.807692307692317,0.0007741056137012325
97,658,hàng_loạt,16.807692307692317,0.0007741056137012325
98,685,hậu_hĩnh,16.807692307692317,0.0007741056137012325
99,487,drive,16.807692307692317,0.0007741056137012325
100,479,dbc,16.807692307692317,0.0007741056137012325
101,704,iihs,16.807692307692317,0.0007741056137012325
102,467,cục,16.807692307692317,0.0007741056137012325
103,457,cắt,16.807692307692317,0.0007741056137012325
104,450,cảnh_báo,16.807692307692317,0.0007741056137012325
105,705,immobilizer,16.807692307692317,0.0007741056137012325
106,769,konda,16.807692307692317,0.0007741056137012325
107,779,kẻ,16.807692307692317,0.0007741056137012325
108,1402,va_chạm,16.807692307692317,0.0007741056137012325
109,862,mode,16.807692307692317,0.0007741056137012325
110,372,chủ_động,16.807692307692317,0.0007741056137012325
111,565,giao_thông,16.807692307692317,0.0007741056137012325
112,566,giành,16.807692307692317,0.0007741056137012325
113,1567,đảm_bảo_an_toàn,16.807692307692317,0.0007741056137012325
114,1558,đường_cao_tốc,16.807692307692317,0.0007741056137012325
115,1623,ưu_ái,16.807692307692317,0.0007741056137012325
116,1611,đỗ,16.807692307692317,0.0007741056137012325
117,1247,tiêu_chuẩn,14.918004058291846,0.0018880778611764229
118,680,hấp_dẫn,14.012295618051024,0.002888464016464353
119,538,ertiga_sport,13.913749000799369,0.003024937145070134
120,1552,đơn_giản,13.913749000799369,0.003024937145070134
121,1254,tiền,13.913749000799369,0.003024937145070134
122,1061,quan_sát,13.913749000799369,0.003024937145070134
123,923,nghèo_nàn,13.913749000799369,0.003024937145070134
124,1517,điều_chỉnh,13.913749000799369,0.003024937145070134
125,1163,tay_lái,13.137234827522612,0.004349033387465898
126,919,ngang,13.137234827522612,0.004349033387465898
127,602,gói,13.137234827522612,0.004349033387465898
128,725,khá,12.215907274180648,0.0066789887744423265
129,1480,xét,11.617328701141682,0.008815885448115275
130,1259,tiện_nghi,11.481221945520554,0.00938900141172788
131,406,cx,11.325199012387744,0.010091307350002151
132,1353,tính,11.244714997233,0.010473600271683644
133,660,hành_khách,11.244714997233,0.010473600271683644
134,641,hoàn_toàn,11.244714997233,0.010473600271683644
135,1335,tucson,10.469516694336875,0.01496911518484581
136,245,bmw,10.07320143884893,0.017954035966892348
137,263,bù,10.07320143884893,0.017954035966892348
138,1277,toyota_wigo,10.07320143884893,0.017954035966892348
139,1252,tiếp_tục,10.07320143884893,0.017954035966892348
140,1036,phân_phối,10.07320143884893,0.017954035966892348
141,1186,thua_thiệt_hơn,10.07320143884893,0.017954035966892348
142,581,giống,10.07320143884893,0.017954035966892348
143,549,ford_everest,10.07320143884893,0.017954035966892348
144,1055,premium,10.07320143884893,0.017954035966892348
145,686,hẳn,9.955376527180652,0.018949284759168527
146,544,fadil,9.820099612617613,0.02015891429525712
147,1268,toyota_camry,9.820099612617613,0.02015891429525712
148,777,kích_thước,9.486810551558662,0.023472088769462888
149,934,người,9.391970184536158,0.024508827451243206
150,691,hệ_thống,9.242969726782707,0.026228958330104305
151,567,giá,9.045563549160583,0.028691188169390903
152,60,2019,8.868411515131793,0.03109256634360034
153,1135,suzuki,8.589420228523068,0.03527845468376829
154,1047,phần,8.589420228523068,0.03527845468376829
155,851,mazda,8.095951995799847,0.044069736712550704
156,327,chiều,8.052757793764911,0.044933852163366955
157,441,cạnh_tranh,7.812997601918471,0.05003878876653318
158,1285,trailblazer,7.812997601918471,0.05003878876653318
159,600,góc,7.812997601918471,0.05003878876653318
160,322,chiếc,7.701062534587747,0.052611241568501325
161,1121,so,7.679902172554745,0.05311178802300992
162,492,dài,7.501199040767313,0.0575276514903174
163,1492,zs,7.459002029145923,0.058621275516938964
164,1109,sang,7.459002029145923,0.058621275516938964
165,1272,toyota_hilux,7.459002029145923,0.058621275516938964
166,1119,series,7.459002029145923,0.058621275516938964
167,1284,trail,7.459002029145923,0.058621275516938964
168,382,class,7.459002029145923,0.058621275516938964
169,1566,đảm_bảo,7.459002029145923,0.058621275516938964
170,1264,top,7.459002029145923,0.058621275516938964
171,324,chiến_thắng,7.459002029145923,0.058621275516938964
172,265,bạn,7.459002029145923,0.058621275516938964
173,804,loạt,7.459002029145923,0.058621275516938964
174,1292,traveller,7.459002029145923,0.058621275516938964
175,515,dẫn_đầu,7.459002029145923,0.058621275516938964
176,587,gla,7.459002029145923,0.058621275516938964
177,635,honda_accord,7.459002029145923,0.058621275516938964
178,837,lẽ,7.459002029145923,0.058621275516938964
179,469,của,7.171317799871408,0.06663318871123287
180,553,fortuner,7.141223285108192,0.06753016147228477
181,361,chỉ,6.383541372030624,0.09437024389172531
182,1226,thể_hiện,6.342965627498006,0.09606558915842829
183,928,ngoại_hình,6.342965627498006,0.09606558915842829
184,648,hyundai_accent,6.342965627498006,0.09606558915842829
185,252,bán,6.177458033573081,0.10328856134188107
186,62,2021,6.144611024467159,0.10478267706703989
187,659,hàng_đầu,6.123640867525772,0.10574735168996348
188,836,lắp_đặt,6.123640867525772,0.10574735168996348
189,1112,santafe,6.123640867525772,0.10574735168996348
190,1471,xpander,6.123640867525772,0.10574735168996348
191,844,lớn,6.067146282973562,0.10838872129870493
192,1039,phía,6.00780801931883,0.11123096530428249
193,301,cao,5.980192988466301,0.11257786581381579
194,412,các,5.9537857825628056,0.1138804232335145
195,1557,đường,5.900249031544008,0.11656547661085238
196,58,2017,5.900249031544008,0.11656547661085238
197,673,hơn,5.868375801031334,0.11819261580262888
198,1310,trước,5.797557119139863,0.12188582844389914
199,911,mức,5.736211031175005,0.12517370264376848
200,768,kona,5.324460431654678,0.14952304219371262
201,997,nói,5.324460431654678,0.14952304219371262
202,1595,đối_thủ,5.240965720792093,0.15497923163144167
203,961,nhưng,5.091334390114975,0.16523006460953324
204,812,là,5.040626787516262,0.16884630908813122
205,227,at,5.020493402848594,0.17030265256511723
206,1197,thêm,5.009864416159392,0.17107624669946142
207,438,cơ_sở,4.853717026378849,0.18282747858438014
208,228,attrage,4.588159472422064,0.2045601782450694
209,1511,đang,4.4745739747724596,0.21456947431006462
210,1278,toyota_yaris,4.416313103363472,0.21987754211562321
211,1607,đồng_thời,4.416313103363472,0.21987754211562321
212,674,hơn_nữa,4.416313103363472,0.21987754211562321
213,1260,tiện_ích,4.416313103363472,0.21987754211562321
214,653,hài_lòng,4.416313103363472,0.21987754211562321
215,448,cảm_thấy,4.416313103363472,0.21987754211562321
216,452,cấp,4.416313103363472,0.21987754211562321
217,1500,êm_ái,4.416313103363472,0.21987754211562321
218,813,làm,4.416313103363472,0.21987754211562321
219,365,chọn,4.416313103363472,0.21987754211562321
220,1189,thuộc,4.416313103363472,0.21987754211562321
221,286,bị,4.416313103363472,0.21987754211562321
222,585,giữ,4.416313103363472,0.21987754211562321
223,618,hatchback,4.416313103363472,0.21987754211562321
224,735,không,4.287896475272599,0.23200779430383242
225,296,bởi,4.232228832318784,0.23745491132498883
226,1614,động_cơ,4.191846522781733,0.24147947164447525
227,421,có,4.150256664694711,0.24568956341855497
228,1296,triệu,4.081534772182215,0.25279337903696547
229,212,accord,4.039994670929923,0.2571776881176265
230,313,chevrolet,4.039994670929923,0.2571776881176265
231,1602,đồng,3.971223021582696,0.26458833713238356
232,1205,thông_số,3.6402877697841367,0.30301785610737747
233,1466,xl7,3.623525179856115,0.3050911483331673
234,954,nhìn_chung,3.516764434606171,0.31859433008922766
235,1372,tạo,3.516764434606171,0.31859433008922766
236,1538,đèn,3.419664268585099,0.3313318341470879
237,736,không_gian,3.3093525179855794,0.3463430681822017
238,1376,tầm,3.302834096359276,0.3472483860368321
239,1405,vinfast,3.3028340963592755,0.3472483860368314
240,971,nhật_bản,3.3028340963592755,0.3472483860368314
241,634,honda,3.297183791428365,0.34803480090670474
242,1440,vận_hành,3.274827910950596,0.35116152515882076
243,1014,nội_thất,3.1638053659636025,0.36705259373851457
244,1068,quá,3.1423614049936552,0.3701923793567337
245,59,2018,3.0798630326508105,0.3794750226385185
246,1395,tự_động,3.003904009659415,0.3910236463404386
247,771,kém,3.003904009659415,0.3910236463404386
248,1101,rộng,2.994868105515561,0.3924170904055405
249,1099,rẻ,2.978417266187021,0.394964793465726
250,647,hyundai,2.9710775923090074,0.39610597236736755
251,682,hầu_hết,2.950124515772004,0.399379091986538
252,652,hyundai_tucson,2.950124515772004,0.399379091986538
253,360,chế_độ,2.950124515772004,0.399379091986538
254,856,mg,2.950124515772004,0.399379091986538
255,1613,đội_ngũ,2.950124515772004,0.399379091986538
256,712,k3,2.950124515772004,0.399379091986538
257,612,gồm,2.950124515772004,0.399379091986538
258,563,gia_đình,2.950124515772004,0.399379091986538
259,1126,sorento,2.950124515772004,0.399379091986538
260,396,cruze,2.950124515772004,0.399379091986538
261,238,benz,2.950124515772004,0.399379091986538
262,1600,đồ_sộ,2.950124515772004,0.399379091986538
263,56,2015,2.950124515772004,0.399379091986538
264,727,khác_biệt,2.8603763143331458,0.4136570969660417
265,572,giúp,2.813730081023947,0.4212446858652451
266,1339,tuy_nhiên,2.7720218474050142,0.4281263520601456
267,1172,thiết_kế,2.763573006510331,0.4295316060299027
268,953,nhìn,2.7577937649879827,0.4304950233566097
269,861,mm,2.7577937649879827,0.4304950233566097
270,1461,xe,2.7270820837571854,0.4356445797589831
271,328,cho,2.671763385047901,0.44504715808105766
272,1198,thì,2.6690727418065334,0.44550866891526675
273,1612,độ,2.594905613970371,0.458383358605293
274,1006,nếu,2.594740207833728,0.4584124026375177
275,628,hiện_đại,2.594740207833728,0.4584124026375177
276,994,nên,2.561330935251779,0.4643090967467197
277,718,khoảng,2.5371702637889446,0.4686110209991864
278,1103,rộng_rãi,2.5371702637889446,0.4686110209991864
279,793,led,2.5371702637889446,0.4686110209991864
280,625,hiện,2.5082615226500193,0.4737998912491914
281,1276,toyota_vios,2.5075089928057492,0.4739355685705895
282,531,ecosport,2.5075089928057492,0.4739355685705895
283,891,mẫu,2.493995122851029,0.476377276661314
284,434,cũng,2.4617667404537658,0.48224033106149056
285,547,ford,2.4435181266751234,0.48558514954527776
286,858,mitsubishi,2.408384061981197,0.4920758404504325
287,846,lợi_thế,2.4022881694644136,0.49320882281781075
288,1365,tương_tự,2.398894217958958,0.4938404968854654
289,1534,đánh_giá,2.3778646647898936,0.4977684088139459
290,502,dù,2.356127098321333,0.5018537945176946
291,1585,đều,2.3279891658905507,0.5071801419550639
292,1540,đèn_pha,2.3165467625899057,0.5093584002346299
293,468,cụm,2.3165467625899057,0.5093584002346299
294,966,nhất,2.3119535141117526,0.5102347997274201
295,1305,trên,2.3025000813828367,0.5120421269579722
296,1297,trong,2.281819928672417,0.5160126701977772
297,425,có_thể,2.250117523846927,0.5221443577989442
298,445,cảm_giác,2.206235011990387,0.5307213126727022
299,976,nhỉnh,2.1802192861095557,0.5358550569216269
300,1583,đến,2.1453782963808816,0.5427871128419914
301,742,khả_năng,2.1322885747345928,0.545408233787873
302,1565,đạt,2.1145360634569323,0.5489776210502817
303,454,cần,2.1145360634569323,0.5489776210502817
304,387,con_số,2.1145360634569323,0.5489776210502817
305,1219,thậm_chí,2.1145360634569323,0.5489776210502817
306,905,một_cách,2.1145360634569323,0.5489776210502817
307,913,mỹ,2.1145360634569323,0.5489776210502817
308,243,biết,2.1145360634569323,0.5489776210502817
309,938,ngược_lại,2.1145360634569323,0.5489776210502817
310,1023,pajero_sport,2.1145360634569323,0.5489776210502817
311,1458,xa,2.1145360634569323,0.5489776210502817
312,519,dễ_dàng,2.1145360634569323,0.5489776210502817
313,1022,pajero,2.1145360634569323,0.5489776210502817
314,422,có_giá,2.0959232613908667,0.5527379555307801
315,1140,sáng,2.0959232613908667,0.5527379555307801
316,684,hậu,2.0959232613908667,0.5527379555307801
317,878,mã_lực,2.0959232613908667,0.5527379555307801
318,605,gầm,2.0959232613908667,0.5527379555307801
319,1386,tốt,2.0136438691448237,0.5695797033638943
320,378,city,1.985611510791348,0.5753984540243247
321,1537,đã,1.985611510791348,0.5753984540243247
322,1159,sử_dụng,1.985611510791348,0.5753984540243247
323,706,inch,1.985611510791348,0.5753984540243247
324,1392,từ,1.9271937046985084,0.5876545631233774
325,979,nhờ,1.9271937046985084,0.5876545631233774
326,1371,tại,1.8853478303330227,0.5965406590928297
327,1521,điểm,1.8092989628148382,0.6129134709553861
328,1422,và,1.794491007967146,0.6161344874327859
329,657,hàng,1.7833585439340889,0.6185629817148302
330,430,công_suất,1.764988009592309,0.622583410372028
331,1413,việt_nam,1.7483654102359167,0.6262351251245508
332,1390,tới,1.7483654102359167,0.6262351251245508
333,1035,phân,1.7390654576929916,0.6282838584048476
334,741,khúc,1.7390654576929916,0.6282838584048476
335,1516,điều,1.6546762589927897,0.6470568527524954
336,716,khoang,1.6546762589927897,0.6470568527524954
337,977,nhỏ,1.6546762589927897,0.6470568527524954
338,945,nhau,1.6546762589927897,0.6470568527524954
339,1215,thấp,1.6546762589927897,0.6470568527524954
340,814,lái,1.637413955475298,0.6509365223304946
341,559,ghế,1.608049714074898,0.6575659815065178
342,128,4x4,1.5942476787800577,0.6606948222614981
343,1010,nổi_bật,1.5942476787800577,0.6606948222614981
344,1111,santa,1.5942476787800577,0.6606948222614981
345,1352,tích_hợp,1.5942476787800577,0.6606948222614981
346,545,fe,1.5942476787800577,0.6606948222614981
347,900,mọi,1.5942476787800577,0.6606948222614981
348,1235,thứ,1.5942476787800577,0.6606948222614981
349,1325,trội,1.5942476787800577,0.6606948222614981
350,1218,thấy,1.58172187524704,0.6635413266002141
351,1449,với,1.5767197011621492,0.6646799150694314
352,679,hạng,1.5485888212506924,0.6711022995800209
353,504,dùng,1.5485888212506924,0.6711022995800209
354,1330,trục,1.5443645083932702,0.6720695181544212
355,1151,sẽ,1.4534795240730372,0.6930480845418465
356,1171,theo,1.4340527577937512,0.6975723460152429
357,1577,đặc_biệt,1.4340527577937512,0.6975723460152429
358,728,khách_hàng,1.4340527577937512,0.6975723460152429
359,888,mạnh_mẽ,1.4252486122989705,0.6996271350141461
360,990,này,1.378205391730556,0.7106513661645577
361,849,mang,1.3750975550920044,0.7113822428999839
362,1444,về,1.366459495125827,0.7134152964464364
363,1389,tổng_thể,1.3592356883723755,0.7151173021025623
364,893,mặt,1.3526389145094204,0.7166729926832327
365,903,một,1.3398375316840478,0.7196956939278254
366,432,cùng,1.325497791811785,0.7230874621989531
367,617,halogen,1.3237410071942317,0.7235034079368139
368,1627,ấn_tượng,1.3237410071942317,0.7235034079368139
369,420,còn,1.3202350939761063,0.7243337535093639
370,1439,vẫn,1.2762813525403316,0.734772860632366
371,967,nhận,1.2541307613250097,0.7400529021692317
372,481,di_chuyển,1.2541307613250097,0.7400529021692317
373,855,mercedes,1.2541307613250097,0.7400529021692317
374,1134,suv,1.2541307613250097,0.7400529021692317
375,345,chúng_tôi,1.2541307613250097,0.7400529021692317
376,1074,ra,1.2151086822849266,0.7493829531854209
377,336,chênh_lệch,1.2134292565947122,0.7497852560575753
378,507,dạng,1.2134292565947122,0.7497852560575753
379,985,nm,1.2134292565947122,0.7497852560575753
380,1092,rõ_ràng,1.2134292565947122,0.7497852560575753
381,326,chiếu,1.2134292565947122,0.7497852560575753
382,1360,tăng,1.2134292565947122,0.7497852560575753
383,870,mà,1.2134292565947122,0.7497852560575753
384,1531,đáng_kể,1.2134292565947122,0.7497852560575753
385,349,chưa,1.2134292565947122,0.7497852560575753
386,1575,đắt,1.2134292565947122,0.7497852560575753
387,1470,xoắn,1.2134292565947122,0.7497852560575753
388,1160,sự,1.1968662608374896,0.7537560095023766
389,907,mới,1.1924349750968457,0.7548192831968183
390,1114,sau,1.1896733729641484,0.7554821141139676
391,1029,phiên_bản,1.184721654114819,0.7566709741107432
392,957,như,1.1557569997513735,0.7636339686858987
393,442,cả,1.1215502929221517,0.7718744687425357
394,714,khi,1.105286938540336,0.7757979513517533
395,1223,thế_hệ,1.1031175059951934,0.7763215590517457
396,876,mâm,1.1031175059951934,0.7763215590517457
397,1546,đôi_chút,1.1031175059951934,0.7763215590517457
398,951,nhà,1.1031175059951934,0.7763215590517457
399,882,mô,1.1031175059951934,0.7763215590517457
400,258,bên,1.1031175059951934,0.7763215590517457
401,871,màn_hình,1.1031175059951934,0.7763215590517457
402,1227,thể_thao,1.1031175059951934,0.7763215590517457
403,267,bảng,1.1031175059951934,0.7763215590517457
404,488,dung_tích,1.1031175059951934,0.7763215590517457
405,1580,đặt,1.1031175059951934,0.7763215590517457
406,294,bộ,1.1031175059951934,0.7763215590517457
407,312,cerato,1.1031175059951934,0.7763215590517457
408,1270,toyota_fortuner,1.1031175059951934,0.7763215590517457
409,904,một_chút,1.1031175059951934,0.7763215590517457
410,1543,đó,1.0661442873672964,0.785252623573322
411,616,hai,1.0661442873672964,0.785252623573322
412,266,bản,1.0624408165775032,0.7861478671225448
413,1155,sở_hữu,1.0471993067442158,0.7898331777083311
414,1269,toyota_corolla,1.0266210108836034,0.7948108270194848
415,346,chút,1.0266210108836034,0.7948108270194848
416,8,10,1.0266210108836034,0.7948108270194848
417,1238,thực_sự,0.992805755395674,0.8029927459451585
418,854,men,0.992805755395674,0.8029927459451585
419,726,khác,0.992805755395674,0.8029927459451585
420,1265,toyota,0.992805755395674,0.8029927459451585
421,1536,đây,0.992805755395674,0.8029927459451585
422,466,cụ_thể,0.992805755395674,0.8029927459451585
423,440,cạnh,0.992805755395674,0.8029927459451585
424,1212,thương_hiệu,0.992805755395674,0.8029927459451585
425,1255,tiền_nhiệm,0.992805755395674,0.8029927459451585
426,1180,thoải_mái,0.992805755395674,0.8029927459451585
427,1570,đầu,0.992805755395674,0.8029927459451585
428,280,bằng,0.992805755395674,0.8029927459451585
429,960,như_vậy,0.9315117137059482,0.8178174103948352
430,980,những,0.9282214787610326,0.8186125240663756
431,302,cao_cấp,0.8982678472606535,0.8258457971808404
432,1370,tương_ứng,0.8824940047961545,0.8296502211110459
433,1530,đáng,0.8824940047961545,0.8296502211110459
434,320,chi_tiết,0.8824940047961545,0.8296502211110459
435,1368,tương_đối,0.8824940047961545,0.8296502211110459
436,1427,vì,0.8824940047961545,0.8296502211110459
437,1170,thay_đổi,0.8824940047961545,0.8296502211110459
438,1056,projector,0.8824940047961545,0.8296502211110459
439,1002,nước,0.8824940047961545,0.8296502211110459
440,627,hiện_tại,0.8824940047961545,0.8296502211110459
441,358,chắc_chắn,0.8824940047961545,0.8296502211110459
442,282,bề_thế,0.8824940047961545,0.8296502211110459
443,1514,đi,0.8824940047961545,0.8296502211110459
444,887,mạnh,0.8824940047961545,0.8296502211110459
445,1130,subaru,0.8824940047961545,0.8296502211110459
446,1495,áp,0.8824940047961545,0.8296502211110459
447,1626,ảnh_hưởng,0.8824940047961545,0.8296502211110459
448,380,civic,0.8824940047961545,0.8296502211110459
449,807,lux,0.8824940047961545,0.8296502211110459
450,603,gương,0.8824940047961545,0.8296502211110459
451,1322,trẻ_trung,0.8741827051179584,0.83165321847155
452,1098,rằng,0.8741827051179584,0.83165321847155
453,1162,tay,0.8741827051179584,0.83165321847155
454,1128,sport,0.8741827051179584,0.83165321847155
455,219,altis,0.8741827051179584,0.83165321847155
456,1116,sedan,0.8709841843124597,0.8324237377730032
457,754,kia,0.8516740453790757,0.8370714612727507
458,1425,vào,0.8159882350529752,0.8456391604044103
459,485,do,0.7742944106253462,0.855605068039424
460,715,khiến,0.7742944106253462,0.855605068039424
461,1380,tỏ,0.7742944106253462,0.855605068039424
462,619,hay,0.7742944106253462,0.855605068039424
463,254,bán_kính,0.7721822541966351,0.8561084367273409
464,847,lựa_chọn,0.7721822541966351,0.8561084367273409
465,1287,trang_bị_động_cơ,0.7721822541966351,0.8561084367273409
466,835,lắp_ráp,0.7721822541966351,0.8561084367273409
467,495,dành,0.7721822541966351,0.8561084367273409
468,892,mặc_dù,0.7721822541966351,0.8561084367273409
469,262,bóng,0.7721822541966351,0.8561084367273409
470,831,lần_lượt,0.7721822541966351,0.8561084367273409
471,1491,yếu_tố,0.7721822541966351,0.8561084367273409
472,552,forester,0.7721822541966351,0.8561084367273409
473,1183,thua_kém,0.7721822541966351,0.8561084367273409
474,298,cabin,0.7721822541966351,0.8561084367273409
475,993,nét,0.7721822541966351,0.8561084367273409
476,300,camry,0.7721822541966351,0.8561084367273409
477,368,chỗ,0.7721822541966351,0.8561084367273409
478,377,ciaz,0.7721822541966351,0.8561084367273409
479,1088,rs,0.7721822541966351,0.8561084367273409
480,402,cuv,0.7721822541966351,0.8561084367273409
481,1158,sức_mạnh,0.7721822541966351,0.8561084367273409
482,433,cũ,0.7721822541966351,0.8561084367273409
483,1443,vẻ,0.7267397620365186,0.866897186285105
484,992,nâng_cấp,0.7126243061494852,0.8702306443311932
485,1097,rất,0.7126243061494852,0.8702306443311932
486,982,nissan,0.7126243061494852,0.8702306443311932
487,1586,để,0.6952530283465486,0.8743199128990292
488,929,ngoại_thất,0.6952530283465486,0.8743199128990292
489,655,hàn_quốc,0.6952530283465486,0.8743199128990292
490,1317,trải,0.6796178441861878,0.8779872418284511
491,1406,vios,0.6796178441861878,0.8779872418284511
492,922,nghiệm,0.6796178441861878,0.8779872418284511
493,211,accent,0.6750270113579426,0.8790615284865089
494,1295,triton,0.6750270113579426,0.8790615284865089
495,1122,so_sánh,0.6686603380017851,0.880549405320518
496,391,cr,0.6686603380017851,0.880549405320518
497,1338,tuy,0.6618705035971159,0.882133588082082
498,1065,quay_vòng,0.6618705035971159,0.882133588082082
499,44,18,0.6618705035971159,0.882133588082082
500,1026,peugeot,0.6618705035971159,0.882133588082082
501,1234,thời_điểm,0.6618705035971159,0.882133588082082
502,1239,thực_tế,0.6618705035971159,0.882133588082082
503,1597,đối_với,0.6618705035971159,0.882133588082082
504,606,gần,0.6618705035971159,0.882133588082082
505,1621,ưu_thế,0.6618705035971159,0.882133588082082
506,1194,thân,0.6618705035971159,0.882133588082082
507,9,100,0.6618705035971159,0.882133588082082
508,1398,tỷ,0.6618705035971159,0.882133588082082
509,984,niêm_yết,0.6618705035971159,0.882133588082082
510,671,hơi,0.6618705035971159,0.882133588082082
511,384,colorado,0.6618705035971159,0.882133588082082
512,1410,việc,0.6618705035971159,0.882133588082082
513,909,mới_mẻ,0.6618705035971159,0.882133588082082
514,363,chỉnh,0.6618705035971159,0.882133588082082
515,969,nhập_khẩu,0.6618705035971159,0.882133588082082
516,535,elantra,0.6618705035971159,0.882133588082082
517,537,ertiga,0.6618705035971159,0.882133588082082
518,334,chân,0.6618705035971159,0.882133588082082
519,872,màu,0.6618705035971159,0.882133588082082
520,248,brio,0.6618705035971159,0.882133588082082
521,1437,vượt,0.6618705035971159,0.882133588082082
522,948,nhiều,0.6446988562995923,0.8861275913952293
523,1563,được,0.5940068714259262,0.8978029823738216
524,828,lại,0.5911662572775611,0.8984516459077718
525,235,ban_ngày,0.5515587529975967,0.9074266390712834
526,571,gió,0.5515587529975967,0.9074266390712834
527,865,mpv,0.5515587529975967,0.9074266390712834
528,1524,điện,0.5515587529975967,0.9074266390712834
529,1004,nằm,0.5515587529975967,0.9074266390712834
530,284,bệ,0.5515587529975967,0.9074266390712834
531,1481,xăng,0.5515587529975967,0.9074266390712834
532,970,nhật,0.5515587529975967,0.9074266390712834
533,1107,sa2,0.5515587529975967,0.9074266390712834
534,731,khó,0.5515587529975967,0.9074266390712834
535,999,năm,0.5515587529975967,0.9074266390712834
536,575,giải_trí,0.5515587529975967,0.9074266390712834
537,1397,tỳ,0.5515587529975967,0.9074266390712834
538,947,nhiên_liệu,0.5515587529975967,0.9074266390712834
539,414,cách_âm,0.5515587529975967,0.9074266390712834
540,109,40,0.5515587529975967,0.9074266390712834
541,511,dải_đèn,0.5515587529975967,0.9074266390712834
542,1166,terra,0.5515587529975967,0.9074266390712834
543,1253,tiết_kiệm,0.5515587529975967,0.9074266390712834
544,798,linh_hoạt,0.5515587529975967,0.9074266390712834
545,472,cửa,0.5515587529975967,0.9074266390712834
546,817,lít,0.5515587529975967,0.9074266390712834
547,1245,titanium,0.5515587529975967,0.9074266390712834
548,1367,tương_đương,0.5515587529975967,0.9074266390712834
549,129,50,0.5515587529975967,0.9074266390712834
550,915,navara,0.5515587529975967,0.9074266390712834
551,702,i10,0.5515587529975967,0.9074266390712834
552,1034,pháp,0.5515587529975967,0.9074266390712834
553,667,hòa,0.5515587529975967,0.9074266390712834
554,609,gọn,0.5515587529975967,0.9074266390712834
555,1528,đuôi,0.5515587529975967,0.9074266390712834
556,770,kèm,0.5515587529975967,0.9074266390712834
557,405,cvt,0.5515587529975967,0.9074266390712834
558,1124,soluto,0.5515587529975967,0.9074266390712834
559,1118,seltos,0.5515587529975967,0.9074266390712834
560,599,gì,0.5515587529975967,0.9074266390712834
561,832,lẫn,0.5515587529975967,0.9074266390712834
562,607,gập,0.44124700239807724,0.931596010556485
563,1147,sản_xuất,0.44124700239807724,0.931596010556485
564,1453,wildtrak,0.44124700239807724,0.931596010556485
565,601,góc_cạnh,0.44124700239807724,0.931596010556485
566,1213,thường,0.44124700239807724,0.931596010556485
567,586,giữa,0.44124700239807724,0.931596010556485
568,898,mềm,0.44124700239807724,0.931596010556485
569,974,nhẹ,0.44124700239807724,0.931596010556485
570,1193,tháng,0.44124700239807724,0.931596010556485
571,1110,sang_trọng,0.44124700239807724,0.931596010556485
572,723,khung,0.44124700239807724,0.931596010556485
573,91,300,0.44124700239807724,0.931596010556485
574,1091,rõ,0.44124700239807724,0.931596010556485
575,806,ltz,0.44124700239807724,0.931596010556485
576,588,glc,0.44124700239807724,0.931596010556485
577,1211,thú_vị,0.44124700239807724,0.931596010556485
578,394,cross,0.44124700239807724,0.931596010556485
579,1430,vòng,0.44124700239807724,0.931596010556485
580,761,kia_soluto,0.44124700239807724,0.931596010556485
581,1441,vậy,0.44124700239807724,0.931596010556485
582,283,bền_bỉ,0.44124700239807724,0.931596010556485
583,1267,toyota_avanza,0.44124700239807724,0.931596010556485
584,330,chung,0.44124700239807724,0.931596010556485
585,767,kiểu,0.44124700239807724,0.931596010556485
586,517,dễ,0.44124700239807724,0.931596010556485
587,823,lăng,0.44124700239807724,0.931596010556485
588,756,kia_morning,0.44124700239807724,0.931596010556485
589,1041,phù_hợp,0.44124700239807724,0.931596010556485
590,498,dáng_vẻ,0.44124700239807724,0.931596010556485
591,1450,vừa,0.44124700239807724,0.931596010556485
592,222,android_auto,0.44124700239807724,0.931596010556485
593,796,lexus,0.44124700239807724,0.931596010556485
594,1169,thanh_thoát,0.44124700239807724,0.931596010556485
595,801,loa,0.44124700239807724,0.931596010556485
596,1177,thoáng_đãng,0.44124700239807724,0.931596010556485
597,274,bậc,0.44124700239807724,0.931596010556485
598,1012,nổi_trội,0.44124700239807724,0.931596010556485
599,478,dao_động,0.44124700239807724,0.931596010556485
600,1507,ăn_đứt,0.44124700239807724,0.931596010556485
601,1133,sunny,0.44124700239807724,0.931596010556485
602,864,morning,0.44124700239807724,0.931596010556485
603,859,mitsubishi_xpander,0.44124700239807724,0.931596010556485
604,942,ngồi,0.44124700239807724,0.931596010556485
605,644,hr,0.44124700239807724,0.931596010556485
606,857,mirage,0.44124700239807724,0.931596010556485
607,1464,xenon,0.44124700239807724,0.931596010556485
608,415,cái,0.44124700239807724,0.931596010556485
609,1304,truyền_thống,0.44124700239807724,0.931596010556485
610,1544,đô,0.44124700239807724,0.931596010556485
611,1009,nổi,0.44124700239807724,0.931596010556485
612,323,chiếm,0.44124700239807724,0.931596010556485
613,1465,xi,0.44124700239807724,0.931596010556485
614,185,850,0.33093525179855793,0.9541091640398437
615,92,3008,0.33093525179855793,0.9541091640398437
616,1308,trông,0.33093525179855793,0.9541091640398437
617,418,cân_nhắc,0.33093525179855793,0.9541091640398437
618,1569,đầm,0.33093525179855793,0.9541091640398437
619,663,hãng,0.33093525179855793,0.9541091640398437
620,910,mở_rộng,0.33093525179855793,0.9541091640398437
621,676,hướng,0.33093525179855793,0.9541091640398437
622,1374,tải,0.33093525179855793,0.9541091640398437
623,413,cách,0.33093525179855793,0.9541091640398437
624,1100,rẽ,0.33093525179855793,0.9541091640398437
625,839,lịch_lãm,0.33093525179855793,0.9541091640398437
626,755,kia_cerato,0.33093525179855793,0.9541091640398437
627,757,kia_optima,0.33093525179855793,0.9541091640398437
628,386,con,0.33093525179855793,0.9541091640398437
629,1564,đại_diện,0.33093525179855793,0.9541091640398437
630,230,avanza,0.33093525179855793,0.9541091640398437
631,1240,tiguan,0.33093525179855793,0.9541091640398437
632,224,apple,0.33093525179855793,0.9541091640398437
633,1243,tinh_tế,0.33093525179855793,0.9541091640398437
634,781,kết_hợp,0.33093525179855793,0.9541091640398437
635,782,kết_nối,0.33093525179855793,0.9541091640398437
636,1604,đồng_hương,0.33093525179855793,0.9541091640398437
637,1407,vitara,0.33093525179855793,0.9541091640398437
638,791,lanh,0.33093525179855793,0.9541091640398437
639,1248,tiêu_dùng,0.33093525179855793,0.9541091640398437
640,209,a2,0.33093525179855793,0.9541091640398437
641,1605,đồng_hồ,0.33093525179855793,0.9541091640398437
642,239,bi,0.33093525179855793,0.9541091640398437
643,880,mình,0.33093525179855793,0.9541091640398437
644,894,mặt_bằng,0.33093525179855793,0.9541091640398437
645,699,hợp_kim,0.33093525179855793,0.9541091640398437
646,700,hợp_lý,0.33093525179855793,0.9541091640398437
647,1293,trax,0.33093525179855793,0.9541091640398437
648,707,indonesia,0.33093525179855793,0.9541091640398437
649,124,475,0.33093525179855793,0.9541091640398437
650,256,báo,0.33093525179855793,0.9541091640398437
651,852,mazda3,0.33093525179855793,0.9541091640398437
652,874,máy,0.33093525179855793,0.9541091640398437
653,868,mua,0.33093525179855793,0.9541091640398437
654,1230,thị_trường,0.33093525179855793,0.9541091640398437
655,866,mt,0.33093525179855793,0.9541091640398437
656,1499,âm_thanh,0.33093525179855793,0.9541091640398437
657,1484,xứng_đáng,0.33093525179855793,0.9541091640398437
658,730,khía_cạnh,0.33093525179855793,0.9541091640398437
659,803,loại,0.33093525179855793,0.9541091640398437
660,501,dòng,0.33093525179855793,0.9541091640398437
661,513,dầu,0.33093525179855793,0.9541091640398437
662,165,700,0.33093525179855793,0.9541091640398437
663,975,nhẹ_nhàng,0.33093525179855793,0.9541091640398437
664,52,20,0.33093525179855793,0.9541091640398437
665,303,cao_giá,0.33093525179855793,0.9541091640398437
666,76,25mm,0.33093525179855793,0.9541091640398437
667,461,cốt,0.33093525179855793,0.9541091640398437
668,1336,turbo,0.33093525179855793,0.9541091640398437
669,595,gân,0.33093525179855793,0.9541091640398437
670,332,chuyên_gia,0.33093525179855793,0.9541091640398437
671,463,cộng,0.33093525179855793,0.9541091640398437
672,505,dưới,0.33093525179855793,0.9541091640398437
673,1433,vô,0.33093525179855793,0.9541091640398437
674,965,nhấn,0.33093525179855793,0.9541091640398437
675,610,gọn_gàng,0.33093525179855793,0.9541091640398437
676,293,bổ_sung,0.33093525179855793,0.9541091640398437
677,1362,tăng_tốc,0.33093525179855793,0.9541091640398437
678,437,cơ_bắp,0.33093525179855793,0.9541091640398437
679,1618,đủ,0.33093525179855793,0.9541091640398437
680,983,nissan_altima,0.33093525179855793,0.9541091640398437
681,546,focus,0.33093525179855793,0.9541091640398437
682,1011,nổi_tiếng,0.33093525179855793,0.9541091640398437
683,530,ecoboost,0.33093525179855793,0.9541091640398437
684,449,cảm_ứng,0.33093525179855793,0.9541091640398437
685,554,full,0.33093525179855793,0.9541091640398437
686,555,ga,0.33093525179855793,0.9541091640398437
687,20,12,0.33093525179855793,0.9541091640398437
688,57,2016,0.33093525179855793,0.9541091640398437
689,310,carplay,0.33093525179855793,0.9541091640398437
690,1588,địa_hình,0.33093525179855793,0.9541091640398437
691,1420,vuốt,0.33093525179855793,0.9541091640398437
692,458,cặp,0.33093525179855793,0.9541091640398437
693,108,3d,0.33093525179855793,0.9541091640398437
694,1064,quay,0.33093525179855793,0.9541091640398437
695,1079,ranger,0.33093525179855793,0.9541091640398437
696,964,nhạy,0.33093525179855793,0.9541091640398437
697,541,everest,0.33093525179855793,0.9541091640398437
698,630,hiệu_suất,0.33093525179855793,0.9541091640398437
699,490,duy_nhất,0.33093525179855793,0.9541091640398437
700,645,hs,0.33093525179855793,0.9541091640398437
701,943,nhan,0.33093525179855793,0.9541091640398437
702,287,bọc,0.33093525179855793,0.9541091640398437
703,1426,vây,0.33093525179855793,0.9541091640398437
704,174,795,0.33093525179855793,0.9541091640398437
705,950,nhu_cầu,0.33093525179855793,0.9541091640398437
706,71,250,0.33093525179855793,0.9541091640398437
707,289,bố_trí,0.33093525179855793,0.9541091640398437
708,1508,ăng,0.33093525179855793,0.9541091640398437
709,1509,đa,0.33093525179855793,0.9541091640398437
710,1504,ăn,0.33093525179855793,0.9541091640398437
711,940,ngắn,0.33093525179855793,0.9541091640398437
712,1195,thân_hình,0.33093525179855793,0.9541091640398437
713,1045,phải,0.33093525179855793,0.9541091640398437
714,338,chính,0.33093525179855793,0.9541091640398437
715,1373,tạo_hình,0.33093525179855793,0.9541091640398437
716,279,bắt_mắt,0.33093525179855793,0.9541091640398437
717,1209,thùng,0.33093525179855793,0.9541091640398437
718,925,ngoài,0.33093525179855793,0.9541091640398437
719,1086,rondo,0.33093525179855793,0.9541091640398437
720,178,800,0.33093525179855793,0.9541091640398437
721,1165,ten,0.33093525179855793,0.9541091640398437
722,1391,tức_là,0.33093525179855793,0.9541091640398437
723,354,chấu,0.33093525179855793,0.9541091640398437
724,61,2020,0.3089723825335387,0.9583322791495477
725,1019,optima,0.22062350119903862,0.9741932349711128
726,1018,off,0.22062350119903862,0.9741932349711128
727,1167,thaco,0.22062350119903862,0.9741932349711128
728,1137,suzuki_ertiga,0.22062350119903862,0.9741932349711128
729,1178,thoát,0.22062350119903862,0.9741932349711128
730,1174,thiếu_sót,0.22062350119903862,0.9741932349711128
731,834,lắm,0.22062350119903862,0.9741932349711128
732,1059,qua,0.22062350119903862,0.9741932349711128
733,1620,đứng,0.22062350119903862,0.9741932349711128
734,143,59,0.22062350119903862,0.9741932349711128
735,1619,đức,0.22062350119903862,0.9741932349711128
736,1042,phút,0.22062350119903862,0.9741932349711128
737,816,lép_vế,0.22062350119903862,0.9741932349711128
738,1476,xuống,0.22062350119903862,0.9741932349711128
739,822,lăn,0.22062350119903862,0.9741932349711128
740,1542,đòi_hỏi,0.22062350119903862,0.9741932349711128
741,1037,phân_tích,0.22062350119903862,0.9741932349711128
742,1475,xuất_xứ,0.22062350119903862,0.9741932349711128
743,1027,pha,0.22062350119903862,0.9741932349711128
744,827,lượng,0.22062350119903862,0.9741932349711128
745,145,5mm,0.22062350119903862,0.9741932349711128
746,1249,tiêu_thụ,0.22062350119903862,0.9741932349711128
747,115,4241,0.22062350119903862,0.9741932349711128
748,830,lần,0.22062350119903862,0.9741932349711128
749,1030,phong_cách,0.22062350119903862,0.9741932349711128
750,808,luxury,0.22062350119903862,0.9741932349711128
751,920,ngay,0.22062350119903862,0.9741932349711128
752,22,128,0.22062350119903862,0.9741932349711128
753,840,lốp,0.22062350119903862,0.9741932349711128
754,1490,yếu_thế,0.22062350119903862,0.9741932349711128
755,885,mượt,0.22062350119903862,0.9741932349711128
756,1082,revv,0.22062350119903862,0.9741932349711128
757,886,mạch,0.22062350119903862,0.9741932349711128
758,1555,đưa,0.22062350119903862,0.9741932349711128
759,1192,thái_lan,0.22062350119903862,0.9741932349711128
760,1221,thẳng,0.22062350119903862,0.9741932349711128
761,1142,sơn,0.22062350119903862,0.9741932349711128
762,1560,đường_nét,0.22062350119903862,0.9741932349711128
763,962,nhược_điểm,0.22062350119903862,0.9741932349711128
764,127,4x2,0.22062350119903862,0.9741932349711128
765,1085,road,0.22062350119903862,0.9741932349711128
766,29,15,0.22062350119903862,0.9741932349711128
767,1493,zăng,0.22062350119903862,0.9741932349711128
768,171,770,0.22062350119903862,0.9741932349711128
769,1496,áp_dụng,0.22062350119903862,0.9741932349711128
770,1090,rào_cản,0.22062350119903862,0.9741932349711128
771,1199,thích,0.22062350119903862,0.9741932349711128
772,1559,đường_kính,0.22062350119903862,0.9741932349711128
773,914,nam_tính,0.22062350119903862,0.9741932349711128
774,930,nguyên,0.22062350119903862,0.9741932349711128
775,1208,thông_tin,0.22062350119903862,0.9741932349711128
776,916,nay,0.22062350119903862,0.9741932349711128
777,1512,đem,0.22062350119903862,0.9741932349711128
778,1105,s450,0.22062350119903862,0.9741932349711128
779,1007,nếu_như,0.22062350119903862,0.9741932349711128
780,200,932,0.22062350119903862,0.9741932349711128
781,1156,sức,0.22062350119903862,0.9741932349711128
782,1478,xy,0.22062350119903862,0.9741932349711128
783,1072,quả_thực,0.22062350119903862,0.9741932349711128
784,10,100km,0.22062350119903862,0.9741932349711128
785,1076,ra_mắt,0.22062350119903862,0.9741932349711128
786,119,450,0.22062350119903862,0.9741932349711128
787,998,nút,0.22062350119903862,0.9741932349711128
788,154,64,0.22062350119903862,0.9741932349711128
789,860,mivec,0.22062350119903862,0.9741932349711128
790,996,nó,0.22062350119903862,0.9741932349711128
791,1609,đổi,0.22062350119903862,0.9741932349711128
792,1545,đô_thị,0.22062350119903862,0.9741932349711128
793,1185,thua_thiệt,0.22062350119903862,0.9741932349711128
794,1519,điều_khiển,0.22062350119903862,0.9741932349711128
795,981,nhựa,0.22062350119903862,0.9741932349711128
796,1117,sedona,0.22062350119903862,0.9741932349711128
797,1152,số,0.22062350119903862,0.9741932349711128
798,1191,thành_phố,0.22062350119903862,0.9741932349711128
799,1513,đen,0.22062350119903862,0.9741932349711128
800,1485,yaris,0.22062350119903862,0.9741932349711128
801,968,nhận_diện,0.22062350119903862,0.9741932349711128
802,167,720,0.22062350119903862,0.9741932349711128
803,1203,thô,0.22062350119903862,0.9741932349711128
804,1554,đơn_điệu,0.22062350119903862,0.9741932349711128
805,1334,tua,0.22062350119903862,0.9741932349711128
806,1383,tối_đa,0.22062350119903862,0.9741932349711128
807,264,bước,0.22062350119903862,0.9741932349711128
808,1385,tối_ưu,0.22062350119903862,0.9741932349711128
809,690,hề,0.22062350119903862,0.9741932349711128
810,444,cải_tiến,0.22062350119903862,0.9741932349711128
811,688,hẹp,0.22062350119903862,0.9741932349711128
812,597,gây,0.22062350119903862,0.9741932349711128
813,1582,đẹp_mắt,0.22062350119903862,0.9741932349711128
814,1329,trợ_lực,0.22062350119903862,0.9741932349711128
815,516,dập,0.22062350119903862,0.9741932349711128
816,1332,trực_tiếp,0.22062350119903862,0.9741932349711128
817,453,cầm,0.22062350119903862,0.9741932349711128
818,1423,vài,0.22062350119903862,0.9741932349711128
819,1302,trung_tâm,0.22062350119903862,0.9741932349711128
820,1331,trừ,0.22062350119903862,0.9741932349711128
821,692,họ,0.22062350119903862,0.9741932349711128
822,94,30mm,0.22062350119903862,0.9741932349711128
823,593,gt,0.22062350119903862,0.9741932349711128
824,696,hộc,0.22062350119903862,0.9741932349711128
825,351,chạy,0.22062350119903862,0.9741932349711128
826,1581,đẹp,0.22062350119903862,0.9741932349711128
827,697,hộp_số,0.22062350119903862,0.9741932349711128
828,352,chất,0.22062350119903862,0.9741932349711128
829,518,dễ_chịu,0.22062350119903862,0.9741932349711128
830,41,1765,0.22062350119903862,0.9741932349711128
831,521,dọc,0.22062350119903862,0.9741932349711128
832,709,innova,0.22062350119903862,0.9741932349711128
833,710,jazz,0.22062350119903862,0.9741932349711128
834,582,giống_hệt,0.22062350119903862,0.9741932349711128
835,1291,transit,0.22062350119903862,0.9741932349711128
836,1418,vua,0.22062350119903862,0.9741932349711128
837,426,công_bằng,0.22062350119903862,0.9741932349711128
838,514,dẫn,0.22062350119903862,0.9741932349711128
839,1590,định_vị,0.22062350119903862,0.9741932349711128
840,719,khoảng_cách,0.22062350119903862,0.9741932349711128
841,497,dáng_dấp,0.22062350119903862,0.9741932349711128
842,482,diesel,0.22062350119903862,0.9741932349711128
843,622,hiền_lành,0.22062350119903862,0.9741932349711128
844,486,doanh_số,0.22062350119903862,0.9741932349711128
845,114,41,0.22062350119903862,0.9741932349711128
846,335,chênh,0.22062350119903862,0.9741932349711128
847,494,dàn,0.22062350119903862,0.9741932349711128
848,66,23,0.22062350119903862,0.9741932349711128
849,1378,tắt,0.22062350119903862,0.9741932349711128
850,624,hiểu,0.22062350119903862,0.9741932349711128
851,637,honda_city,0.22062350119903862,0.9741932349711128
852,636,honda_brio,0.22062350119903862,0.9741932349711128
853,506,dường_như,0.22062350119903862,0.9741932349711128
854,1447,vốn,0.22062350119903862,0.9741932349711128
855,1366,tương_xứng,0.22062350119903862,0.9741932349711128
856,1428,vì_thế,0.22062350119903862,0.9741932349711128
857,70,245,0.22062350119903862,0.9741932349711128
858,1314,trường,0.22062350119903862,0.9741932349711128
859,650,hyundai_kona,0.22062350119903862,0.9741932349711128
860,475,da,0.22062350119903862,0.9741932349711128
861,49,188,0.22062350119903862,0.9741932349711128
862,1363,tương_lai,0.22062350119903862,0.9741932349711128
863,281,bề_ngoài,0.22062350119903862,0.9741932349711128
864,654,hàn,0.22062350119903862,0.9741932349711128
865,290,bốc,0.22062350119903862,0.9741932349711128
866,473,cửa_sổ,0.22062350119903862,0.9741932349711128
867,291,bốn,0.22062350119903862,0.9741932349711128
868,50,19,0.22062350119903862,0.9741932349711128
869,1377,tập_trung,0.22062350119903862,0.9741932349711128
870,276,bật,0.22062350119903862,0.9741932349711128
871,464,cột,0.22062350119903862,0.9741932349711128
872,462,cồng_kềnh,0.22062350119903862,0.9741932349711128
873,53,200,0.22062350119903862,0.9741932349711128
874,427,công_bố,0.22062350119903862,0.9741932349711128
875,357,chắc,0.22062350119903862,0.9741932349711128
876,560,ghế_ngồi,0.22062350119903862,0.9741932349711128
877,306,captiva,0.22062350119903862,0.9741932349711128
878,90,30,0.22062350119903862,0.9741932349711128
879,309,carens,0.22062350119903862,0.9741932349711128
880,758,kia_rondo,0.22062350119903862,0.9741932349711128
881,1273,toyota_innova,0.22062350119903862,0.9741932349711128
882,1355,tôi,0.22062350119903862,0.9741932349711128
883,35,1658,0.22062350119903862,0.9741932349711128
884,1468,xoay_trở,0.22062350119903862,0.9741932349711128
885,369,chở,0.22062350119903862,0.9741932349711128
886,773,kéo_dài,0.22062350119903862,0.9741932349711128
887,776,kích_cỡ,0.22062350119903862,0.9741932349711128
888,395,crossover,0.22062350119903862,0.9741932349711128
889,1348,tân_binh,0.22062350119903862,0.9741932349711128
890,561,gia_tăng,0.22062350119903862,0.9741932349711128
891,1349,tên,0.22062350119903862,0.9741932349711128
892,533,edition,0.22062350119903862,0.9741932349711128
893,783,kể,0.22062350119903862,0.9741932349711128
894,1412,việt,0.22062350119903862,0.9741932349711128
895,388,cong,0.22062350119903862,0.9741932349711128
896,539,es,0.22062350119903862,0.9741932349711128
897,787,kỹ_thuật,0.22062350119903862,0.9741932349711128
898,1258,tiện_lợi,0.22062350119903862,0.9741932349711128
899,551,ford_tourneo,0.22062350119903862,0.9741932349711128
900,84,28,0.22062350119903862,0.9741932349711128
901,321,chia,0.22062350119903862,0.9741932349711128
902,80,27,0.22062350119903862,0.9741932349711128
903,101,35,0.22062350119903862,0.9741932349711128
904,794,legender,0.22062350119903862,0.9741932349711128
905,220,amg,0.22062350119903862,0.9741932349711128
906,799,liền,0.22062350119903862,0.9741932349711128
907,1399,usd,0.22062350119903862,0.9741932349711128
908,752,khởi_điểm,0.22062350119903862,0.9741932349711128
909,737,không_gian_hàng,0.22062350119903862,0.9741932349711128
910,411,cá_tính,0.22062350119903862,0.9741932349711128
911,525,dữ_dằn,0.22062350119903862,0.9741932349711128
912,255,bánh,0.22062350119903862,0.9741932349711128
913,253,bán_chạy,0.22062350119903862,0.9741932349711128
914,251,bài,0.22062350119903862,0.9741932349711128
915,250,bt,0.22062350119903862,0.9741932349711128
916,54,2008,0.22062350119903862,0.9741932349711128
917,576,giảm,0.22062350119903862,0.9741932349711128
918,55,200mm,0.22062350119903862,0.9741932349711128
919,1282,toàn_diện,0.22062350119903862,0.9741932349711128
920,246,bo,0.22062350119903862,0.9741932349711128
921,1275,toyota_rush,0.22062350119903862,0.9741932349711128
922,738,không_những,0.22062350119903862,0.9741932349711128
923,1393,từng,0.22062350119903862,0.9741932349711128
924,503,dù_vậy,0.22062350119903862,0.9741932349711128
925,410,cá_nhân,0.22062350119903862,0.9741932349711128
926,407,càng,0.22062350119903862,0.9741932349711128
927,748,khối,0.22062350119903862,0.9741932349711128
928,746,khỏe_khoắn,0.22062350119903862,0.9741932349711128
929,569,giá_trị,0.22062350119903862,0.9741932349711128
930,63,20mm,0.22062350119903862,0.9741932349711128
931,409,cá_mập,0.22062350119903862,0.9741932349711128
932,1462,xe_hơi,0.22062350119903862,0.9741932349711128
933,1615,động_học,0.11031175059951931,0.990571892886292
934,1527,đua,0.11031175059951931,0.990571892886292
935,1532,đánh,0.11031175059951931,0.990571892886292
936,1589,định_hướng,0.11031175059951931,0.990571892886292
937,1179,thoạt,0.11031175059951931,0.990571892886292
938,1529,đá,0.11031175059951931,0.990571892886292
939,1175,thiệt,0.11031175059951931,0.990571892886292
940,1176,thon,0.11031175059951931,0.990571892886292
941,1526,đoạn,0.11031175059951931,0.990571892886292
942,1361,tăng_giá,0.11031175059951931,0.990571892886292
943,1358,tùy_chọn,0.11031175059951931,0.990571892886292
944,1431,vòng_tròn,0.11031175059951931,0.990571892886292
945,1616,đời,0.11031175059951931,0.990571892886292
946,1364,tương_thích,0.11031175059951931,0.990571892886292
947,1432,vóc_dáng,0.11031175059951931,0.990571892886292
948,1356,tông,0.11031175059951931,0.990571892886292
949,1154,sở,0.11031175059951931,0.990571892886292
950,1571,đầu_tiên,0.11031175059951931,0.990571892886292
951,1535,đâu,0.11031175059951931,0.990571892886292
952,1144,sạn,0.11031175059951931,0.990571892886292
953,1143,sương_mù,0.11031175059951931,0.990571892886292
954,1415,vogue,0.11031175059951931,0.990571892886292
955,1579,đặc_điểm,0.11031175059951931,0.990571892886292
956,1414,vn,0.11031175059951931,0.990571892886292
957,1394,tự_tin,0.11031175059951931,0.990571892886292
958,1574,đắn_đo,0.11031175059951931,0.990571892886292
959,1396,tựu,0.11031175059951931,0.990571892886292
960,1624,ưu_điểm,0.11031175059951931,0.990571892886292
961,1547,đông,0.11031175059951931,0.990571892886292
962,1548,đúc,0.11031175059951931,0.990571892886292
963,1549,đúng,0.11031175059951931,0.990571892886292
964,1625,ưu_đãi,0.11031175059951931,0.990571892886292
965,1400,v6,0.11031175059951931,0.990571892886292
966,1139,swift,0.11031175059951931,0.990571892886292
967,1401,v7,0.11031175059951931,0.990571892886292
968,1550,đĩa,0.11031175059951931,0.990571892886292
969,1138,suzuki_vitara,0.11031175059951931,0.990571892886292
970,1578,đặc_trưng,0.11031175059951931,0.990571892886292
971,1403,van,0.11031175059951931,0.990571892886292
972,1404,vgt,0.11031175059951931,0.990571892886292
973,1551,đơn,0.11031175059951931,0.990571892886292
974,1553,đơn_vị,0.11031175059951931,0.990571892886292
975,1628,ống_xả,0.11031175059951931,0.990571892886292
976,1408,viết,0.11031175059951931,0.990571892886292
977,1145,sản_phẩm,0.11031175059951931,0.990571892886292
978,1146,sản_sinh,0.11031175059951931,0.990571892886292
979,1416,vs,0.11031175059951931,0.990571892886292
980,1424,vành,0.11031175059951931,0.990571892886292
981,1617,đời_mới,0.11031175059951931,0.990571892886292
982,1587,đỉnh,0.11031175059951931,0.990571892886292
983,1429,vòm,0.11031175059951931,0.990571892886292
984,1168,thanh,0.11031175059951931,0.990571892886292
985,1539,đèn_chiếu,0.11031175059951931,0.990571892886292
986,1375,tất_cả,0.11031175059951931,0.990571892886292
987,1556,đương_nhiên,0.11031175059951931,0.990571892886292
988,1584,đề_xuất,0.11031175059951931,0.990571892886292
989,1622,ưu_tiên,0.11031175059951931,0.990571892886292
990,1161,ta,0.11031175059951931,0.990571892886292
991,1379,tỉ_lệ,0.11031175059951931,0.990571892886292
992,1381,tốc_độ,0.11031175059951931,0.990571892886292
993,1573,đậm,0.11031175059951931,0.990571892886292
994,1157,sức_kéo,0.11031175059951931,0.990571892886292
995,1382,tối,0.11031175059951931,0.990571892886292
996,1435,vô_lăng,0.11031175059951931,0.990571892886292
997,1384,tối_đa_hóa,0.11031175059951931,0.990571892886292
998,1421,vx,0.11031175059951931,0.990571892886292
999,1153,sớm,0.11031175059951931,0.990571892886292
1000,1419,vuông,0.11031175059951931,0.990571892886292
1001,1150,sắc_sảo,0.11031175059951931,0.990571892886292
1002,1149,sắc,0.11031175059951931,0.990571892886292
1003,1388,tổng_phí,0.11031175059951931,0.990571892886292
1004,1148,sấy,0.11031175059951931,0.990571892886292
1005,1434,vô_cùng,0.11031175059951931,0.990571892886292
1006,1251,tiếp_cận,0.11031175059951931,0.990571892886292
1007,1436,văng,0.11031175059951931,0.990571892886292
1008,1225,thề,0.11031175059951931,0.990571892886292
1009,1281,toàn_cảnh,0.11031175059951931,0.990571892886292
1010,1606,đồng_nghĩa,0.11031175059951931,0.990571892886292
1011,1231,thị_trường_vốn,0.11031175059951931,0.990571892886292
1012,1283,tphcm,0.11031175059951931,0.990571892886292
1013,1599,đồ,0.11031175059951931,0.990571892886292
1014,1229,thị_giác,0.11031175059951931,0.990571892886292
1015,1598,đối_đầu,0.11031175059951931,0.990571892886292
1016,1288,trang_hoàng,0.11031175059951931,0.990571892886292
1017,1228,thể_tích,0.11031175059951931,0.990571892886292
1018,1289,trang_trí,0.11031175059951931,0.990571892886292
1019,1457,x7,0.11031175059951931,0.990571892886292
1020,1290,tranh,0.11031175059951931,0.990571892886292
1021,1486,yêu,0.11031175059951931,0.990571892886292
1022,1224,thế_mạnh,0.11031175059951931,0.990571892886292
1023,1482,xếch,0.11031175059951931,0.990571892886292
1024,1456,x55,0.11031175059951931,0.990571892886292
1025,1568,đấu_sĩ,0.11031175059951931,0.990571892886292
1026,1294,trend,0.11031175059951931,0.990571892886292
1027,1487,yêu_cầu,0.11031175059951931,0.990571892886292
1028,1220,thật_sự,0.11031175059951931,0.990571892886292
1029,1488,yếu,0.11031175059951931,0.990571892886292
1030,1596,đối_thủ_vậy,0.11031175059951931,0.990571892886292
1031,1217,thất_thế,0.11031175059951931,0.990571892886292
1032,1216,thất,0.11031175059951931,0.990571892886292
1033,1494,ánh_sáng,0.11031175059951931,0.990571892886292
1034,1214,thường_xuyên,0.11031175059951931,0.990571892886292
1035,1298,trung,0.11031175059951931,0.990571892886292
1036,1454,x2,0.11031175059951931,0.990571892886292
1037,1483,xứ_sở,0.11031175059951931,0.990571892886292
1038,1280,toàn,0.11031175059951931,0.990571892886292
1039,1351,tình_hình,0.11031175059951931,0.990571892886292
1040,1469,xoay_xở,0.11031175059951931,0.990571892886292
1041,1250,tiếp,0.11031175059951931,0.990571892886292
1042,1473,xu_thế,0.11031175059951931,0.990571892886292
1043,1474,xuất_hiện,0.11031175059951931,0.990571892886292
1044,1256,tiệm,0.11031175059951931,0.990571892886292
1045,1257,tiện_dụng,0.11031175059951931,0.990571892886292
1046,1246,tiên_tiến,0.11031175059951931,0.990571892886292
1047,1261,to,0.11031175059951931,0.990571892886292
1048,1244,tinh_xảo,0.11031175059951931,0.990571892886292
1049,1262,to_con,0.11031175059951931,0.990571892886292
1050,1263,to_lớn,0.11031175059951931,0.990571892886292
1051,1603,đồng_bộ,0.11031175059951931,0.990571892886292
1052,1242,tinh_chỉnh,0.11031175059951931,0.990571892886292
1053,1241,tin,0.11031175059951931,0.990571892886292
1054,1266,toyota_altis,0.11031175059951931,0.990571892886292
1055,1232,thốc,0.11031175059951931,0.990571892886292
1056,1271,toyota_granvia,0.11031175059951931,0.990571892886292
1057,1467,xoay,0.11031175059951931,0.990571892886292
1058,1561,đường_trường,0.11031175059951931,0.990571892886292
1059,1409,viền,0.11031175059951931,0.990571892886292
1060,1274,toyota_raize,0.11031175059951931,0.990571892886292
1061,1237,thực_dụng,0.11031175059951931,0.990571892886292
1062,1236,thừa_hưởng,0.11031175059951931,0.990571892886292
1063,1601,đồ_vật,0.11031175059951931,0.990571892886292
1064,1477,xv,0.11031175059951931,0.990571892886292
1065,1279,toyoto,0.11031175059951931,0.990571892886292
1066,1479,xác,0.11031175059951931,0.990571892886292
1067,1233,thống_trị,0.11031175059951931,0.990571892886292
1068,1463,xe_nước,0.11031175059951931,0.990571892886292
1069,1299,trung_bình,0.11031175059951931,0.990571892886292
1070,1497,áp_đơn,0.11031175059951931,0.990571892886292
1071,1300,trung_niên,0.11031175059951931,0.990571892886292
1072,1342,tuổi_đời,0.11031175059951931,0.990571892886292
1073,1323,trễ,0.11031175059951931,0.990571892886292
1074,1446,vỏ,0.11031175059951931,0.990571892886292
1075,1324,trọng_trách,0.11031175059951931,0.990571892886292
1076,1196,thân_thiện,0.11031175059951931,0.990571892886292
1077,1327,trời,0.11031175059951931,0.990571892886292
1078,1510,đa_phương_tiện,0.11031175059951931,0.990571892886292
1079,1445,vị_trí,0.11031175059951931,0.990571892886292
1080,1333,ttđb,0.11031175059951931,0.990571892886292
1081,1562,đường_xá,0.11031175059951931,0.990571892886292
1082,1337,turbocharged,0.11031175059951931,0.990571892886292
1083,1341,tuổi,0.11031175059951931,0.990571892886292
1084,1190,thành,0.11031175059951931,0.990571892886292
1085,1442,vậy_mà,0.11031175059951931,0.990571892886292
1086,1515,đi_ở,0.11031175059951931,0.990571892886292
1087,1301,trung_quốc,0.11031175059951931,0.990571892886292
1088,1518,điều_hoà,0.11031175059951931,0.990571892886292
1089,1343,tài,0.11031175059951931,0.990571892886292
1090,1344,tài_chính,0.11031175059951931,0.990571892886292
1091,1345,tài_xế,0.11031175059951931,0.990571892886292
1092,1188,thuế,0.11031175059951931,0.990571892886292
1093,1520,điều_kiện,0.11031175059951931,0.990571892886292
1094,1346,táp,0.11031175059951931,0.990571892886292
1095,1347,táp_lô,0.11031175059951931,0.990571892886292
1096,1523,điểm_trừ,0.11031175059951931,0.990571892886292
1097,1184,thua_sút,0.11031175059951931,0.990571892886292
1098,1350,tìm_hiểu,0.11031175059951931,0.990571892886292
1099,1182,thua,0.11031175059951931,0.990571892886292
1100,1181,thu_hẹp,0.11031175059951931,0.990571892886292
1101,1321,trẻ_hóa,0.11031175059951931,0.990571892886292
1102,1320,trẻ,0.11031175059951931,0.990571892886292
1103,1506,ăn_tiền,0.11031175059951931,0.990571892886292
1104,1319,trắng,0.11031175059951931,0.990571892886292
1105,1303,trung_tính,0.11031175059951931,0.990571892886292
1106,1452,wigo,0.11031175059951931,0.990571892886292
1107,1451,vừa_vặn,0.11031175059951931,0.990571892886292
1108,1306,trình_làng,0.11031175059951931,0.990571892886292
1109,1307,tròn,0.11031175059951931,0.990571892886292
1110,1309,trăm,0.11031175059951931,0.990571892886292
1111,1311,trước_hết,0.11031175059951931,0.990571892886292
1112,1594,đối_diện,0.11031175059951931,0.990571892886292
1113,1448,vớ,0.11031175059951931,0.990571892886292
1114,1593,đối_chọi,0.11031175059951931,0.990571892886292
1115,1210,thùng_xe,0.11031175059951931,0.990571892886292
1116,1592,đỏ,0.11031175059951931,0.990571892886292
1117,1502,ô_tô,0.11031175059951931,0.990571892886292
1118,1610,đổi_mới,0.11031175059951931,0.990571892886292
1119,1313,trước_đây,0.11031175059951931,0.990571892886292
1120,1503,ôm,0.11031175059951931,0.990571892886292
1121,1207,thông_thường,0.11031175059951931,0.990571892886292
1122,1206,thông_thoáng,0.11031175059951931,0.990571892886292
1123,1315,trường_hải,0.11031175059951931,0.990571892886292
1124,1316,trường_hợp,0.11031175059951931,0.990571892886292
1125,1204,thông_minh,0.11031175059951931,0.990571892886292
1126,1318,trần,0.11031175059951931,0.990571892886292
1127,1202,thích_thú,0.11031175059951931,0.990571892886292
1128,1505,ăn_khách,0.11031175059951931,0.990571892886292
1129,1201,thích_hợp_nhất,0.11031175059951931,0.990571892886292
1130,1591,đọ,0.11031175059951931,0.990571892886292
1131,1200,thích_hợp,0.11031175059951931,0.990571892886292
1132,1576,đằng,0.11031175059951931,0.990571892886292
1133,0,000,0.11031175059951931,0.990571892886292
1134,1132,subaru_forester,0.11031175059951931,0.990571892886292
1135,244,bluetooth,0.11031175059951931,0.990571892886292
1136,216,all_new,0.11031175059951931,0.990571892886292
1137,217,allspace,0.11031175059951931,0.990571892886292
1138,218,altima,0.11031175059951931,0.990571892886292
1139,223,anh_em,0.11031175059951931,0.990571892886292
1140,225,apple_carplay,0.11031175059951931,0.990571892886292
1141,229,autobiography,0.11031175059951931,0.990571892886292
1142,233,baic,0.11031175059951931,0.990571892886292
1143,234,baic_x55,0.11031175059951931,0.990571892886292
1144,236,bao,0.11031175059951931,0.990571892886292
1145,237,beijing,0.11031175059951931,0.990571892886292
1146,240,biên_độ,0.11031175059951931,0.990571892886292
1147,241,biến_thiên,0.11031175059951931,0.990571892886292
1148,242,biến_thể,0.11031175059951931,0.990571892886292
1149,247,bose,0.11031175059951931,0.990571892886292
1150,1131,subaru_ascent,0.11031175059951931,0.990571892886292
1151,249,brio_dài,0.11031175059951931,0.990571892886292
1152,257,bé,0.11031175059951931,0.990571892886292
1153,259,bình_chọn,0.11031175059951931,0.990571892886292
1154,260,bình_dân,0.11031175059951931,0.990571892886292
1155,268,bảng_số_liệu,0.11031175059951931,0.990571892886292
1156,271,bấm,0.11031175059951931,0.990571892886292
1157,272,bất_ngờ,0.11031175059951931,0.990571892886292
1158,273,bất_tiện,0.11031175059951931,0.990571892886292
1159,275,bận_tâm,0.11031175059951931,0.990571892886292
1160,277,bật_tắt,0.11031175059951931,0.990571892886292
1161,278,bắp,0.11031175059951931,0.990571892886292
1162,285,bệ_vệ,0.11031175059951931,0.990571892886292
1163,288,bỏ,0.11031175059951931,0.990571892886292
1164,215,all,0.11031175059951931,0.990571892886292
1165,214,ai,0.11031175059951931,0.990571892886292
1166,213,adventure,0.11031175059951931,0.990571892886292
1167,208,999,0.11031175059951931,0.990571892886292
1168,179,820,0.11031175059951931,0.990571892886292
1169,180,835,0.11031175059951931,0.990571892886292
1170,181,839,0.11031175059951931,0.990571892886292
1171,182,84,0.11031175059951931,0.990571892886292
1172,183,840,0.11031175059951931,0.990571892886292
1173,184,848,0.11031175059951931,0.990571892886292
1174,186,855,0.11031175059951931,0.990571892886292
1175,187,865,0.11031175059951931,0.990571892886292
1176,188,878,0.11031175059951931,0.990571892886292
1177,189,88,0.11031175059951931,0.990571892886292
1178,190,882,0.11031175059951931,0.990571892886292
1179,191,885,0.11031175059951931,0.990571892886292
1180,192,890,0.11031175059951931,0.990571892886292
1181,193,900,0.11031175059951931,0.990571892886292
1182,194,901,0.11031175059951931,0.990571892886292
1183,195,91,0.11031175059951931,0.990571892886292
1184,196,910,0.11031175059951931,0.990571892886292
1185,197,917,0.11031175059951931,0.990571892886292
1186,198,918,0.11031175059951931,0.990571892886292
1187,199,930,0.11031175059951931,0.990571892886292
1188,201,933,0.11031175059951931,0.990571892886292
1189,202,940,0.11031175059951931,0.990571892886292
1190,203,950,0.11031175059951931,0.990571892886292
1191,204,968,0.11031175059951931,0.990571892886292
1192,205,973,0.11031175059951931,0.990571892886292
1193,206,98,0.11031175059951931,0.990571892886292
1194,207,988,0.11031175059951931,0.990571892886292
1195,292,bồng_bềnh,0.11031175059951931,0.990571892886292
1196,295,bộ_phận,0.11031175059951931,0.990571892886292
1197,297,ca,0.11031175059951931,0.990571892886292
1198,370,chủ_yếu,0.11031175059951931,0.990571892886292
1199,373,chứa,0.11031175059951931,0.990571892886292
1200,376,chữ,0.11031175059951931,0.990571892886292
1201,379,city_top,0.11031175059951931,0.990571892886292
1202,383,cm,0.11031175059951931,0.990571892886292
1203,385,com,0.11031175059951931,0.990571892886292
1204,389,corolla,0.11031175059951931,0.990571892886292
1205,390,corolla_altis,0.11031175059951931,0.990571892886292
1206,392,crdi,0.11031175059951931,0.990571892886292
1207,393,crom,0.11031175059951931,0.990571892886292
1208,397,cua,0.11031175059951931,0.990571892886292
1209,398,cung,0.11031175059951931,0.990571892886292
1210,399,cung_cấp,0.11031175059951931,0.990571892886292
1211,400,cung_cấp_bộ,0.11031175059951931,0.990571892886292
1212,401,cut,0.11031175059951931,0.990571892886292
1213,403,cuối_cùng,0.11031175059951931,0.990571892886292
1214,404,cuộc,0.11031175059951931,0.990571892886292
1215,408,cá,0.11031175059951931,0.990571892886292
1216,416,cân,0.11031175059951931,0.990571892886292
1217,419,cân_đối,0.11031175059951931,0.990571892886292
1218,423,có_lẽ,0.11031175059951931,0.990571892886292
1219,424,có_nghĩa_là,0.11031175059951931,0.990571892886292
1220,428,công_nghiệp,0.11031175059951931,0.990571892886292
1221,431,cùi,0.11031175059951931,0.990571892886292
1222,435,cơ,0.11031175059951931,0.990571892886292
1223,439,cơ_động,0.11031175059951931,0.990571892886292
1224,443,cải_thiện,0.11031175059951931,0.990571892886292
1225,446,cảm_nhận,0.11031175059951931,0.990571892886292
1226,371,chủ_đạo,0.11031175059951931,0.990571892886292
1227,367,chốt,0.11031175059951931,0.990571892886292
1228,304,cao_ráo,0.11031175059951931,0.990571892886292
1229,364,chịu_thua_kém,0.11031175059951931,0.990571892886292
1230,305,cao_tốc,0.11031175059951931,0.990571892886292
1231,308,caren,0.11031175059951931,0.990571892886292
1232,311,cd,0.11031175059951931,0.990571892886292
1233,314,chevrolet_aveo,0.11031175059951931,0.990571892886292
1234,315,chevrolet_cruze,0.11031175059951931,0.990571892886292
1235,316,chevrolet_trailblazer,0.11031175059951931,0.990571892886292
1236,317,chevrolet_trax,0.11031175059951931,0.990571892886292
1237,318,chevy_cruze,0.11031175059951931,0.990571892886292
1238,319,chi,0.11031175059951931,0.990571892886292
1239,325,chiến_tuyến,0.11031175059951931,0.990571892886292
1240,329,chrome,0.11031175059951931,0.990571892886292
1241,331,chuyên,0.11031175059951931,0.990571892886292
1242,337,chìa,0.11031175059951931,0.990571892886292
1243,339,chính_hiệu,0.11031175059951931,0.990571892886292
1244,340,chính_sách,0.11031175059951931,0.990571892886292
1245,341,chói,0.11031175059951931,0.990571892886292
1246,342,chú_trọng,0.11031175059951931,0.990571892886292
1247,343,chú_ý,0.11031175059951931,0.990571892886292
1248,344,chúng_ta,0.11031175059951931,0.990571892886292
1249,347,chăm_chút,0.11031175059951931,0.990571892886292
1250,348,chơi_trội,0.11031175059951931,0.990571892886292
1251,350,chương_trình,0.11031175059951931,0.990571892886292
1252,353,chất_liệu,0.11031175059951931,0.990571892886292
1253,355,chật_chội,0.11031175059951931,0.990571892886292
1254,356,chật_hẹp,0.11031175059951931,0.990571892886292
1255,359,chắc_hẳn,0.11031175059951931,0.990571892886292
1256,362,chỉ_thực_sự,0.11031175059951931,0.990571892886292
1257,177,80,0.11031175059951931,0.990571892886292
1258,176,7nm,0.11031175059951931,0.990571892886292
1259,175,799,0.11031175059951931,0.990571892886292
1260,38,17,0.11031175059951931,0.990571892886292
1261,40,174,0.11031175059951931,0.990571892886292
1262,42,177,0.11031175059951931,0.990571892886292
1263,43,1776,0.11031175059951931,0.990571892886292
1264,45,180,0.11031175059951931,0.990571892886292
1265,46,184,0.11031175059951931,0.990571892886292
1266,47,1840,0.11031175059951931,0.990571892886292
1267,48,185,0.11031175059951931,0.990571892886292
1268,51,1m75,0.11031175059951931,0.990571892886292
1269,64,210mm,0.11031175059951931,0.990571892886292
1270,65,218mm,0.11031175059951931,0.990571892886292
1271,67,235,0.11031175059951931,0.990571892886292
1272,68,24,0.11031175059951931,0.990571892886292
1273,69,240,0.11031175059951931,0.990571892886292
1274,72,2519,0.11031175059951931,0.990571892886292
1275,73,2519mm,0.11031175059951931,0.990571892886292
1276,74,2555mm,0.11031175059951931,0.990571892886292
1277,75,25cm,0.11031175059951931,0.990571892886292
1278,77,26,0.11031175059951931,0.990571892886292
1279,78,265,0.11031175059951931,0.990571892886292
1280,79,266,0.11031175059951931,0.990571892886292
1281,81,2745,0.11031175059951931,0.990571892886292
1282,82,2750,0.11031175059951931,0.990571892886292
1283,83,279mm,0.11031175059951931,0.990571892886292
1284,85,2825,0.11031175059951931,0.990571892886292
1285,86,286,0.11031175059951931,0.990571892886292
1286,87,2873mm,0.11031175059951931,0.990571892886292
1287,88,290,0.11031175059951931,0.990571892886292
1288,39,170mm,0.11031175059951931,0.990571892886292
1289,37,1680,0.11031175059951931,0.990571892886292
1290,93,307,0.11031175059951931,0.990571892886292
1291,36,1678,0.11031175059951931,0.990571892886292
1292,2,048,0.11031175059951931,0.990571892886292
1293,3,055,0.11031175059951931,0.990571892886292
1294,4,056,0.11031175059951931,0.990571892886292
1295,5,066,0.11031175059951931,0.990571892886292
1296,6,069,0.11031175059951931,0.990571892886292
1297,7,075,0.11031175059951931,0.990571892886292
1298,11,100mm,0.11031175059951931,0.990571892886292
1299,12,103,0.11031175059951931,0.990571892886292
1300,13,107,0.11031175059951931,0.990571892886292
1301,14,109,0.11031175059951931,0.990571892886292
1302,15,10cm,0.11031175059951931,0.990571892886292
1303,16,10mm,0.11031175059951931,0.990571892886292
1304,17,118,0.11031175059951931,0.990571892886292
1305,18,11m,0.11031175059951931,0.990571892886292
1306,19,11mm,0.11031175059951931,0.990571892886292
1307,21,120mm,0.11031175059951931,0.990571892886292
1308,23,135mm,0.11031175059951931,0.990571892886292
1309,24,138,0.11031175059951931,0.990571892886292
1310,25,13mm,0.11031175059951931,0.990571892886292
1311,26,1470,0.11031175059951931,0.990571892886292
1312,27,1484,0.11031175059951931,0.990571892886292
1313,28,14inch,0.11031175059951931,0.990571892886292
1314,30,1520,0.11031175059951931,0.990571892886292
1315,31,1534,0.11031175059951931,0.990571892886292
1316,32,15mm,0.11031175059951931,0.990571892886292
1317,33,160,0.11031175059951931,0.990571892886292
1318,34,161,0.11031175059951931,0.990571892886292
1319,89,2wd,0.11031175059951931,0.990571892886292
1320,95,31,0.11031175059951931,0.990571892886292
1321,173,79,0.11031175059951931,0.990571892886292
1322,138,555,0.11031175059951931,0.990571892886292
1323,140,570,0.11031175059951931,0.990571892886292
1324,141,583,0.11031175059951931,0.990571892886292
1325,142,584,0.11031175059951931,0.990571892886292
1326,144,599,0.11031175059951931,0.990571892886292
1327,146,600,0.11031175059951931,0.990571892886292
1328,147,6000,0.11031175059951931,0.990571892886292
1329,148,60mm,0.11031175059951931,0.990571892886292
1330,149,60r18,0.11031175059951931,0.990571892886292
1331,150,61,0.11031175059951931,0.990571892886292
1332,151,612,0.11031175059951931,0.990571892886292
1333,152,620,0.11031175059951931,0.990571892886292
1334,153,638,0.11031175059951931,0.990571892886292
1335,155,640,0.11031175059951931,0.990571892886292
1336,156,65mm,0.11031175059951931,0.990571892886292
1337,157,665,0.11031175059951931,0.990571892886292
1338,158,674,0.11031175059951931,0.990571892886292
1339,159,675,0.11031175059951931,0.990571892886292
1340,160,679,0.11031175059951931,0.990571892886292
1341,161,693,0.11031175059951931,0.990571892886292
1342,162,697,0.11031175059951931,0.990571892886292
1343,163,6cm,0.11031175059951931,0.990571892886292
1344,164,70,0.11031175059951931,0.990571892886292
1345,166,701,0.11031175059951931,0.990571892886292
1346,168,740li,0.11031175059951931,0.990571892886292
1347,169,750,0.11031175059951931,0.990571892886292
1348,170,754,0.11031175059951931,0.990571892886292
1349,172,775,0.11031175059951931,0.990571892886292
1350,139,57,0.11031175059951931,0.990571892886292
1351,137,55,0.11031175059951931,0.990571892886292
1352,96,313,0.11031175059951931,0.990571892886292
1353,136,54,0.11031175059951931,0.990571892886292
1354,97,32,0.11031175059951931,0.990571892886292
1355,98,3210mm,0.11031175059951931,0.990571892886292
1356,99,345,0.11031175059951931,0.990571892886292
1357,100,34mm,0.11031175059951931,0.990571892886292
1358,103,3651mm,0.11031175059951931,0.990571892886292
1359,104,369,0.11031175059951931,0.990571892886292
1360,105,370,0.11031175059951931,0.990571892886292
1361,106,376mm,0.11031175059951931,0.990571892886292
1362,107,399,0.11031175059951931,0.990571892886292
1363,110,400,0.11031175059951931,0.990571892886292
1364,111,400mm,0.11031175059951931,0.990571892886292
1365,112,405,0.11031175059951931,0.990571892886292
1366,113,40mm,0.11031175059951931,0.990571892886292
1367,116,4257,0.11031175059951931,0.990571892886292
1368,117,42mm,0.11031175059951931,0.990571892886292
1369,118,43,0.11031175059951931,0.990571892886292
1370,120,455,0.11031175059951931,0.990571892886292
1371,121,456,0.11031175059951931,0.990571892886292
1372,122,464,0.11031175059951931,0.990571892886292
1373,123,469,0.11031175059951931,0.990571892886292
1374,125,4matic,0.11031175059951931,0.990571892886292
1375,130,5008,0.11031175059951931,0.990571892886292
1376,131,508,0.11031175059951931,0.990571892886292
1377,132,51,0.11031175059951931,0.990571892886292
1378,133,510,0.11031175059951931,0.990571892886292
1379,134,529,0.11031175059951931,0.990571892886292
1380,135,52mm,0.11031175059951931,0.990571892886292
1381,447,cảm_quan,0.11031175059951931,0.990571892886292
1382,451,cấ,0.11031175059951931,0.990571892886292
1383,455,cầu,0.11031175059951931,0.990571892886292
1384,877,mã_hiệu,0.11031175059951931,0.990571892886292
1385,881,móng,0.11031175059951931,0.990571892886292
1386,883,mũi,0.11031175059951931,0.990571892886292
1387,884,mưa,0.11031175059951931,0.990571892886292
1388,889,mảnh_dẻ,0.11031175059951931,0.990571892886292
1389,890,mất,0.11031175059951931,0.990571892886292
1390,895,mặt_tiền,0.11031175059951931,0.990571892886292
1391,896,mặt_đường,0.11031175059951931,0.990571892886292
1392,897,mẹ,0.11031175059951931,0.990571892886292
1393,899,mềm_mại,0.11031175059951931,0.990571892886292
1394,901,mốc,0.11031175059951931,0.990571892886292
1395,902,mỗi,0.11031175059951931,0.990571892886292
1396,908,mới_cứng_cáp,0.11031175059951931,0.990571892886292
1397,912,mức_độ,0.11031175059951931,0.990571892886292
1398,918,new,0.11031175059951931,0.990571892886292
1399,921,ngay_vẻ,0.11031175059951931,0.990571892886292
1400,924,ngoai,0.11031175059951931,0.990571892886292
1401,927,ngoại,0.11031175059951931,0.990571892886292
1402,931,nguồn,0.11031175059951931,0.990571892886292
1403,932,nguồn_gốc,0.11031175059951931,0.990571892886292
1404,933,ngành,0.11031175059951931,0.990571892886292
1405,935,người_lớn,0.11031175059951931,0.990571892886292
1406,936,người_yêu,0.11031175059951931,0.990571892886292
1407,937,ngược,0.11031175059951931,0.990571892886292
1408,939,ngạc_nhiên,0.11031175059951931,0.990571892886292
1409,941,ngọc_trai,0.11031175059951931,0.990571892886292
1410,944,nhanh,0.11031175059951931,0.990571892886292
1411,946,nhiên,0.11031175059951931,0.990571892886292
1412,879,mét,0.11031175059951931,0.990571892886292
1413,875,máy_tính,0.11031175059951931,0.990571892886292
1414,955,nhóm,0.11031175059951931,0.990571892886292
1415,873,máu,0.11031175059951931,0.990571892886292
1416,795,leo,0.11031175059951931,0.990571892886292
1417,797,limited,0.11031175059951931,0.990571892886292
1418,800,liệu,0.11031175059951931,0.990571892886292
1419,802,logo,0.11031175059951931,0.990571892886292
1420,805,lt,0.11031175059951931,0.990571892886292
1421,809,luôn,0.11031175059951931,0.990571892886292
1422,810,lx,0.11031175059951931,0.990571892886292
1423,811,lx570,0.11031175059951931,0.990571892886292
1424,1,006,0.11031175059951931,0.990571892886292
1425,818,lòng,0.11031175059951931,0.990571892886292
1426,819,lô,0.11031175059951931,0.990571892886292
1427,820,lôi_kéo,0.11031175059951931,0.990571892886292
1428,824,lưng_chừng,0.11031175059951931,0.990571892886292
1429,825,lưu,0.11031175059951931,0.990571892886292
1430,826,lướt,0.11031175059951931,0.990571892886292
1431,829,lấn_át,0.11031175059951931,0.990571892886292
1432,833,lẫy,0.11031175059951931,0.990571892886292
1433,838,lề,0.11031175059951931,0.990571892886292
1434,841,lỗi_thời,0.11031175059951931,0.990571892886292
1435,842,lộ,0.11031175059951931,0.990571892886292
1436,843,lột_xác,0.11031175059951931,0.990571892886292
1437,845,lợi,0.11031175059951931,0.990571892886292
1438,850,mang_vẻ,0.11031175059951931,0.990571892886292
1439,853,mem,0.11031175059951931,0.990571892886292
1440,863,momen,0.11031175059951931,0.990571892886292
1441,867,mu,0.11031175059951931,0.990571892886292
1442,869,mylink,0.11031175059951931,0.990571892886292
1443,952,nhì,0.11031175059951931,0.990571892886292
1444,956,nhôm,0.11031175059951931,0.990571892886292
1445,790,la,0.11031175059951931,0.990571892886292
1446,1052,phụ_kiện,0.11031175059951931,0.990571892886292
1447,1057,q3,0.11031175059951931,0.990571892886292
1448,1060,qua_mặt,0.11031175059951931,0.990571892886292
1449,1062,quan_trọng,0.11031175059951931,0.990571892886292
1450,1063,quan_điểm,0.11031175059951931,0.990571892886292
1451,1066,quen_thuộc,0.11031175059951931,0.990571892886292
1452,1067,quyết_định,0.11031175059951931,0.990571892886292
1453,1069,quá_trình,0.11031175059951931,0.990571892886292
1454,1070,quá_đáng_kể,0.11031175059951931,0.990571892886292
1455,1071,quê,0.11031175059951931,0.990571892886292
1456,1078,range,0.11031175059951931,0.990571892886292
1457,1080,raptor,0.11031175059951931,0.990571892886292
1458,1081,rav4,0.11031175059951931,0.990571892886292
1459,1083,rio,0.11031175059951931,0.990571892886292
1460,1084,riêng,0.11031175059951931,0.990571892886292
1461,1087,rover,0.11031175059951931,0.990571892886292
1462,1089,rush,0.11031175059951931,0.990571892886292
1463,1093,rõ_rệt,0.11031175059951931,0.990571892886292
1464,1094,rõ_vẻ,0.11031175059951931,0.990571892886292
1465,1095,rút,0.11031175059951931,0.990571892886292
1466,1096,rải_rác,0.11031175059951931,0.990571892886292
1467,1102,rộng_lớn,0.11031175059951931,0.990571892886292
1468,1104,rời,0.11031175059951931,0.990571892886292
1469,1106,s450_luxury,0.11031175059951931,0.990571892886292
1470,1115,se,0.11031175059951931,0.990571892886292
1471,1120,size,0.11031175059951931,0.990571892886292
1472,1125,song,0.11031175059951931,0.990571892886292
1473,1127,spark,0.11031175059951931,0.990571892886292
1474,1053,phức_tạp,0.11031175059951931,0.990571892886292
1475,1051,phổ_thông,0.11031175059951931,0.990571892886292
1476,958,như_không,0.11031175059951931,0.990571892886292
1477,1050,phổ_biến,0.11031175059951931,0.990571892886292
1478,959,như_thường_lệ,0.11031175059951931,0.990571892886292
1479,963,nhạc,0.11031175059951931,0.990571892886292
1480,972,nhằm,0.11031175059951931,0.990571892886292
1481,973,nhằn,0.11031175059951931,0.990571892886292
1482,978,nhỏ_nhắn,0.11031175059951931,0.990571892886292
1483,986,non_trẻ,0.11031175059951931,0.990571892886292
1484,987,normal,0.11031175059951931,0.990571892886292
1485,988,nuột_nà,0.11031175059951931,0.990571892886292
1486,989,nào,0.11031175059951931,0.990571892886292
1487,995,nên_người,0.11031175059951931,0.990571892886292
1488,1000,năng_động,0.11031175059951931,0.990571892886292
1489,1001,nơi,0.11031175059951931,0.990571892886292
1490,1003,nắm,0.11031175059951931,0.990571892886292
1491,1005,nặng,0.11031175059951931,0.990571892886292
1492,1008,nỉ,0.11031175059951931,0.990571892886292
1493,1015,nội_đô,0.11031175059951931,0.990571892886292
1494,1016,nữ,0.11031175059951931,0.990571892886292
1495,1020,option,0.11031175059951931,0.990571892886292
1496,1021,oto,0.11031175059951931,0.990571892886292
1497,1024,panoramic,0.11031175059951931,0.990571892886292
1498,1031,phong_phú,0.11031175059951931,0.990571892886292
1499,1032,phun,0.11031175059951931,0.990571892886292
1500,1033,phái,0.11031175059951931,0.990571892886292
1501,1038,phép,0.11031175059951931,0.990571892886292
1502,1046,phản_quang,0.11031175059951931,0.990571892886292
1503,1048,phần_la,0.11031175059951931,0.990571892886292
1504,1049,phối_màu_da,0.11031175059951931,0.990571892886292
1505,792,lanh_lẹ,0.11031175059951931,0.990571892886292
1506,789,l_luxury,0.11031175059951931,0.990571892886292
1507,456,cận,0.11031175059951931,0.990571892886292
1508,556,gamma,0.11031175059951931,0.990571892886292
1509,562,gia_tốc,0.11031175059951931,0.990571892886292
1510,564,giand,0.11031175059951931,0.990571892886292
1511,568,giá_như,0.11031175059951931,0.990571892886292
1512,570,giác,0.11031175059951931,0.990571892886292
1513,573,giả,0.11031175059951931,0.990571892886292
1514,578,giảm_xóc,0.11031175059951931,0.990571892886292
1515,579,giấy_tờ,0.11031175059951931,0.990571892886292
1516,583,giới_thiệu,0.11031175059951931,0.990571892886292
1517,584,giờ_đây,0.11031175059951931,0.990571892886292
1518,589,glc250,0.11031175059951931,0.990571892886292
1519,590,gm,0.11031175059951931,0.990571892886292
1520,591,grand,0.11031175059951931,0.990571892886292
1521,592,grand_i10,0.11031175059951931,0.990571892886292
1522,594,gài,0.11031175059951931,0.990571892886292
1523,596,gân_guốc,0.11031175059951931,0.990571892886292
1524,598,gã,0.11031175059951931,0.990571892886292
1525,604,gạt,0.11031175059951931,0.990571892886292
1526,608,gọi,0.11031175059951931,0.990571892886292
1527,611,gồ_ghề,0.11031175059951931,0.990571892886292
1528,613,gỗ,0.11031175059951931,0.990571892886292
1529,614,gỡ,0.11031175059951931,0.990571892886292
1530,620,hid,0.11031175059951931,0.990571892886292
1531,621,hiền,0.11031175059951931,0.990571892886292
1532,623,hiểm_trở,0.11031175059951931,0.990571892886292
1533,626,hiện_nay,0.11031175059951931,0.990571892886292
1534,629,hiệu_năng,0.11031175059951931,0.990571892886292
1535,631,hiệu_ứng,0.11031175059951931,0.990571892886292
1536,558,ghi_điểm,0.11031175059951931,0.990571892886292
1537,550,ford_focus,0.11031175059951931,0.990571892886292
1538,633,hoa_kì,0.11031175059951931,0.990571892886292
1539,548,ford_ecosport,0.11031175059951931,0.990571892886292
1540,459,cốc,0.11031175059951931,0.990571892886292
1541,460,cốp,0.11031175059951931,0.990571892886292
1542,465,cỡ,0.11031175059951931,0.990571892886292
1543,471,cứng_cáp,0.11031175059951931,0.990571892886292
1544,474,cực_đại,0.11031175059951931,0.990571892886292
1545,477,danh_tiếng,0.11031175059951931,0.990571892886292
1546,480,deluxe,0.11031175059951931,0.990571892886292
1547,483,diễn_biến,0.11031175059951931,0.990571892886292
1548,484,diện,0.11031175059951931,0.990571892886292
1549,489,duramax,0.11031175059951931,0.990571892886292
1550,491,duy_trì,0.11031175059951931,0.990571892886292
1551,493,dài_dài,0.11031175059951931,0.990571892886292
1552,496,dáng,0.11031175059951931,0.990571892886292
1553,500,dãy,0.11031175059951931,0.990571892886292
1554,508,dạng_tầng,0.11031175059951931,0.990571892886292
1555,509,dải,0.11031175059951931,0.990571892886292
1556,510,dải_crom,0.11031175059951931,0.990571892886292
1557,512,dần,0.11031175059951931,0.990571892886292
1558,520,dịch_bệnh,0.11031175059951931,0.990571892886292
1559,523,dồi_dào,0.11031175059951931,0.990571892886292
1560,524,dừng,0.11031175059951931,0.990571892886292
1561,526,dự_kiến,0.11031175059951931,0.990571892886292
1562,529,eco,0.11031175059951931,0.990571892886292
1563,532,ecsport,0.11031175059951931,0.990571892886292
1564,534,el,0.11031175059951931,0.990571892886292
1565,536,elatran,0.11031175059951931,0.990571892886292
1566,542,explorer,0.11031175059951931,0.990571892886292
1567,632,hn,0.11031175059951931,0.990571892886292
1568,638,honda_civic,0.11031175059951931,0.990571892886292
1569,788,kỹ_thuật_số,0.11031175059951931,0.990571892886292
1570,720,khoẻ,0.11031175059951931,0.990571892886292
1571,722,khu_vực,0.11031175059951931,0.990571892886292
1572,724,khuếch,0.11031175059951931,0.990571892886292
1573,732,khó_khăn,0.11031175059951931,0.990571892886292
1574,733,khó_tính,0.11031175059951931,0.990571892886292
1575,734,khóa,0.11031175059951931,0.990571892886292
1576,739,không_thể,0.11031175059951931,0.990571892886292
1577,740,không_tưởng,0.11031175059951931,0.990571892886292
1578,744,khập_khiễng,0.11031175059951931,0.990571892886292
1579,745,khắc_họa,0.11031175059951931,0.990571892886292
1580,747,khỏi,0.11031175059951931,0.990571892886292
1581,749,khổi,0.11031175059951931,0.990571892886292
1582,750,khổng_lồ,0.11031175059951931,0.990571892886292
1583,753,khởi_động,0.11031175059951931,0.990571892886292
1584,759,kia_sedona,0.11031175059951931,0.990571892886292
1585,760,kia_seltos,0.11031175059951931,0.990571892886292
1586,762,kia_sonet,0.11031175059951931,0.990571892886292
1587,763,kia_sorento,0.11031175059951931,0.990571892886292
1588,764,kim,0.11031175059951931,0.990571892886292
1589,765,kinh,0.11031175059951931,0.990571892886292
1590,766,kiêm,0.11031175059951931,0.990571892886292
1591,772,kém_cạnh,0.11031175059951931,0.990571892886292
1592,774,kép,0.11031175059951931,0.990571892886292
1593,778,kĩ_lưỡng,0.11031175059951931,0.990571892886292
1594,780,kết_cấu,0.11031175059951931,0.990571892886292
1595,784,kể_cả,0.11031175059951931,0.990571892886292
1596,785,kỳ_vọng,0.11031175059951931,0.990571892886292
1597,786,kỹ,0.11031175059951931,0.990571892886292
1598,721,khoẻ_khoắn,0.11031175059951931,0.990571892886292
1599,717,khoản,0.11031175059951931,0.990571892886292
1600,640,hoàn_thiện,0.11031175059951931,0.990571892886292
1601,713,kb15,0.11031175059951931,0.990571892886292
1602,642,hoàn_toàn_thắng_thế,0.11031175059951931,0.990571892886292
1603,643,hoạt_động,0.11031175059951931,0.990571892886292
1604,646,huyndai,0.11031175059951931,0.990571892886292
1605,649,hyundai_elantra,0.11031175059951931,0.990571892886292
1606,651,hyundai_solati,0.11031175059951931,0.990571892886292
1607,661,hành_lý,0.11031175059951931,0.990571892886292
1608,662,hào_phóng,0.11031175059951931,0.990571892886292
1609,664,hãy,0.11031175059951931,0.990571892886292
1610,665,hình,0.11031175059951931,0.990571892886292
1611,666,hình_ảnh,0.11031175059951931,0.990571892886292
1612,668,hòa_cơ,0.11031175059951931,0.990571892886292
1613,669,hôm_nay,0.11031175059951931,0.990571892886292
1614,670,hút,0.11031175059951931,0.990571892886292
1615,672,hơi_hướng,0.11031175059951931,0.990571892886292
1616,675,hưng_phấn,0.11031175059951931,0.990571892886292
1617,677,hưởng,0.11031175059951931,0.990571892886292
1618,678,hạ,0.11031175059951931,0.990571892886292
1619,681,hầm_hố,0.11031175059951931,0.990571892886292
1620,683,hầu_như,0.11031175059951931,0.990571892886292
1621,687,hẵn,0.11031175059951931,0.990571892886292
1622,689,hết,0.11031175059951931,0.990571892886292
1623,693,hồi,0.11031175059951931,0.990571892886292
1624,698,hộp_số_ít,0.11031175059951931,0.990571892886292
1625,701,hứa_hẹn,0.11031175059951931,0.990571892886292
1626,703,i4,0.11031175059951931,0.990571892886292
1627,708,inhc,0.11031175059951931,0.990571892886292
1628,711,jetta,0.11031175059951931,0.990571892886292
1629,815,lâu,0.11031175059951931,0.990571892886292
